MMSI,DFSI,record_count,max_gap_hours,impossible_jump_km,draft_change_count,going_dark_events,draft_change_events,teleportation_events
219009229,342.230516,83,0.000,6338.109,0,0,0,1
219006091,15.571934,3,0.000,288.392,0,0,0,1
992611330,0.932164,17,0.000,17.264,0,0,0,2
232008661,0.010779,13,0.000,0.200,0,0,0,1
220633000,0.010714,361,0.000,0.198,0,0,0,4
219031605,0.008661,34,0.000,0.160,0,0,0,1
667002344,0.008172,25,0.000,0.151,0,0,0,1
211309380,0.007795,16,0.000,0.144,0,0,0,1
249934000,0.007135,56,0.000,0.132,0,0,0,1
219026318,0.006594,35,0.000,0.122,0,0,0,1
266262000,0.006373,260,0.000,0.118,0,0,0,1
266232000,0.006304,42,0.000,0.117,0,0,0,1
219022300,0.006154,16,0.000,0.114,0,0,0,1
210017000,0.005294,40,0.000,0.098,0,0,0,1
353221000,0.004316,105,0.000,0.080,0,0,0,1
219008089,0.004303,32,0.000,0.080,0,0,0,1
255806258,0.004057,263,0.000,0.075,0,0,0,1
257276000,0.003966,73,0.000,0.073,0,0,0,1
265022000,0.003833,180,0.000,0.071,0,0,0,1
477887700,0.003831,42,0.000,0.071,0,0,0,1
511101345,0.003620,102,0.000,0.067,0,0,0,1
341223002,0.003603,173,0.000,0.067,0,0,0,1
256800000,0.003509,113,0.000,0.065,0,0,0,1
266314000,0.003462,45,0.000,0.064,0,0,0,1
219000429,0.003447,169,0.000,0.064,0,0,0,1
620999965,0.003398,286,0.000,0.063,0,0,0,1
220253000,0.003391,158,0.000,0.063,0,0,0,1
211429470,0.003279,26,0.000,0.061,0,0,0,1
255915813,0.003217,198,0.000,0.060,0,0,0,1
256281000,0.003178,112,0.000,0.059,0,0,0,1
636018066,0.003147,195,0.000,0.058,0,0,0,1
244820422,0.003117,35,0.000,0.058,0,0,0,1
277291000,0.003098,85,0.000,0.057,0,0,0,1
256741000,0.002979,232,0.000,0.055,0,0,0,1
461000286,0.002920,171,0.000,0.054,0,0,0,1
219022257,0.002902,115,0.000,0.054,0,0,0,1
305425000,0.002845,89,0.000,0.053,0,0,0,1
212521000,0.002640,103,0.000,0.049,0,0,0,1
209624000,0.002594,33,0.000,0.048,0,0,0,1
266343000,0.002535,333,0.000,0.047,0,0,0,1
305978000,0.002510,301,0.000,0.046,0,0,0,1
311014800,0.002460,148,0.000,0.046,0,0,0,1
246000000,0.002381,105,0.000,0.044,0,0,0,1
211207100,0.002108,67,0.000,0.039,0,0,0,1
314377000,0.001962,175,0.000,0.036,0,0,0,1
276462000,0.001870,117,0.000,0.035,0,0,0,1
219007378,0.001780,67,0.000,0.033,0,0,0,1
209015000,0.000000,257,0.000,0.000,0,0,0,0
245043000,0.000000,150,0.000,0.000,0,0,0,0
258373000,0.000000,75,0.000,0.000,0,0,0,0
992651028,0.000000,22,0.000,0.000,0,0,0,0
212357000,0.000000,88,0.000,0.000,0,0,0,0
219006284,0.000000,42,0.000,0.000,0,0,0,0
636022285,0.000000,26,0.000,0.000,0,0,0,0
244528000,0.000000,71,0.000,0.000,0,0,0,0
209314000,0.000000,12,0.000,0.000,0,0,0,0
219003103,0.000000,125,0.000,0.000,0,0,0,0
219959000,0.000000,47,0.000,0.000,0,0,0,0
244870072,0.000000,105,0.000,0.000,0,0,0,0
219018494,0.000000,26,0.000,0.000,0,0,0,0
266331000,0.000000,290,0.000,0.000,0,0,0,0
219013474,0.000000,4,0.000,0.000,0,0,0,0
266381000,0.000000,48,0.000,0.000,0,0,0,0
219028337,0.000000,121,0.000,0.000,0,0,0,0
219381000,0.000000,58,0.000,0.000,0,0,0,0
231898000,0.000000,108,0.000,0.000,0,0,0,0
219028256,0.000000,6,0.000,0.000,0,0,0,0
248716000,0.000000,81,0.000,0.000,0,0,0,0
265797590,0.000000,198,0.000,0.000,0,0,0,0
219034187,0.000000,5,0.000,0.000,0,0,0,0
338009000,0.000000,152,0.000,0.000,0,0,0,0
211757470,0.000000,67,0.000,0.000,0,0,0,0
246171000,0.000000,67,0.000,0.000,0,0,0,0
220046000,0.000000,59,0.000,0.000,0,0,0,0
219000179,0.000000,172,0.000,0.000,0,0,0,0
636021310,0.000000,106,0.000,0.000,0,0,0,0
219013885,0.000000,74,0.000,0.000,0,0,0,0
211217860,0.000000,8,0.000,0.000,0,0,0,0
314702000,0.000000,79,0.000,0.000,0,0,0,0
257180000,0.000000,30,0.000,0.000,0,0,0,0
219031310,0.000000,68,0.000,0.000,0,0,0,0
211731030,0.000000,36,0.000,0.000,0,0,0,0
220338000,0.000000,132,0.000,0.000,0,0,0,0
992191531,0.000000,3,0.000,0.000,0,0,0,0
219007404,0.000000,39,0.000,0.000,0,0,0,0
211243920,0.000000,45,0.000,0.000,0,0,0,0
273611080,0.000000,29,0.000,0.000,0,0,0,0
212613000,0.000000,771,0.000,0.000,0,0,0,0
211100580,0.000000,8,0.000,0.000,0,0,0,0
219281000,0.000000,198,0.000,0.000,0,0,0,0
265874000,0.000000,9,0.000,0.000,0,0,0,0
219001431,0.000000,77,0.000,0.000,0,0,0,0
219005929,0.000000,64,0.000,0.000,0,0,0,0
265522240,0.000000,31,0.000,0.000,0,0,0,0
219001214,0.000000,31,0.000,0.000,0,0,0,0
220043000,0.000000,67,0.000,0.000,0,0,0,0
538009534,0.000000,198,0.000,0.000,0,0,0,0
219000873,0.000000,43,0.000,0.000,0,0,0,0
219472000,0.000000,112,0.000,0.000,0,0,0,0
211134990,0.000000,15,0.000,0.000,0,0,0,0
219007477,0.000000,39,0.000,0.000,0,0,0,0
219024178,0.000000,336,0.000,0.000,0,0,0,0
211452170,0.000000,3,0.000,0.000,0,0,0,0
220333000,0.000000,93,0.000,0.000,0,0,0,0
219004596,0.000000,54,0.000,0.000,0,0,0,0
219034509,0.000000,63,0.000,0.000,0,0,0,0
219029786,0.000000,53,0.000,0.000,0,0,0,0
265039000,0.000000,99,0.000,0.000,0,0,0,0
219002136,0.000000,85,0.000,0.000,0,0,0,0
265069120,0.000000,6,0.000,0.000,0,0,0,0
219033781,0.000000,158,0.000,0.000,0,0,0,0
219017733,0.000000,67,0.000,0.000,0,0,0,0
211131490,0.000000,4,0.000,0.000,0,0,0,0
220295000,0.000000,112,0.000,0.000,0,0,0,0
352002822,0.000000,27,0.000,0.000,0,0,0,0
211230570,0.000000,50,0.000,0.000,0,0,0,0
257077550,0.000000,133,0.000,0.000,0,0,0,0
351988000,0.000000,51,0.000,0.000,0,0,0,0
266139000,0.000000,68,0.000,0.000,0,0,0,0
265061000,0.000000,202,0.000,0.000,0,0,0,0
219020188,0.000000,71,0.000,0.000,0,0,0,0
219007366,0.000000,52,0.000,0.000,0,0,0,0
210568000,0.000000,20,0.000,0.000,0,0,0,0
218162000,0.000000,46,0.000,0.000,0,0,0,0
265768860,0.000000,39,0.000,0.000,0,0,0,0
219024675,0.000000,55,0.000,0.000,0,0,0,0
211440370,0.000000,16,0.000,0.000,0,0,0,0
219015318,0.000000,2,0.000,0.000,0,0,0,0
219015103,0.000000,36,0.000,0.000,0,0,0,0
273432030,0.000000,226,0.000,0.000,0,0,0,0
265516360,0.000000,1,0.000,0.000,0,0,0,0
218022940,0.000000,3,0.000,0.000,0,0,0,0
219115000,0.000000,94,0.000,0.000,0,0,0,0
219034822,0.000000,32,0.000,0.000,0,0,0,0
219012521,0.000000,69,0.000,0.000,0,0,0,0
265619980,0.000000,71,0.000,0.000,0,0,0,0
219017917,0.000000,84,0.000,0.000,0,0,0,0
211411230,0.000000,53,0.000,0.000,0,0,0,0
219004002,0.000000,43,0.000,0.000,0,0,0,0
257583000,0.000000,146,0.000,0.000,0,0,0,0
636091784,0.000000,413,0.000,0.000,0,0,0,0
219035021,0.000000,151,0.000,0.000,0,0,0,0
563003300,0.000000,29,0.000,0.000,0,0,0,0
311050600,0.000000,44,0.000,0.000,0,0,0,0
219013538,0.000000,8,0.000,0.000,0,0,0,0
244915000,0.000000,109,0.000,0.000,0,0,0,0
219560000,0.000000,402,0.000,0.000,0,0,0,0
219022614,0.000000,6,0.000,0.000,0,0,0,0
211771340,0.000000,24,0.000,0.000,0,0,0,0
352002127,0.000000,45,0.000,0.000,0,0,0,0
636024737,0.000000,26,0.000,0.000,0,0,0,0
352001187,0.000000,127,0.000,0.000,0,0,0,0
219004265,0.000000,4,0.000,0.000,0,0,0,0
232058582,0.000000,139,0.000,0.000,0,0,0,0
219945000,0.000000,194,0.000,0.000,0,0,0,0
219000647,0.000000,73,0.000,0.000,0,0,0,0
211413470,0.000000,32,0.000,0.000,0,0,0,0
209864000,0.000000,99,0.000,0.000,0,0,0,0
314472000,0.000000,55,0.000,0.000,0,0,0,0
215436000,0.000000,110,0.000,0.000,0,0,0,0
538010660,0.000000,59,0.000,0.000,0,0,0,0
257271000,0.000000,23,0.000,0.000,0,0,0,0
211549170,0.000000,24,0.000,0.000,0,0,0,0
205770000,0.000000,31,0.000,0.000,0,0,0,0
209177000,0.000000,26,0.000,0.000,0,0,0,0
230715000,0.000000,161,0.000,0.000,0,0,0,0
563212100,0.000000,145,0.000,0.000,0,0,0,0
311055300,0.000000,109,0.000,0.000,0,0,0,0
258809000,0.000000,73,0.000,0.000,0,0,0,0
219024402,0.000000,4,0.000,0.000,0,0,0,0
210425000,0.000000,276,0.000,0.000,0,0,0,0
219230000,0.000000,27,0.000,0.000,0,0,0,0
219011032,0.000000,53,0.000,0.000,0,0,0,0
232046824,0.000000,30,0.000,0.000,0,0,0,0
211457860,0.000000,22,0.000,0.000,0,0,0,0
538003358,0.000000,334,0.000,0.000,0,0,0,0
245097000,0.000000,225,0.000,0.000,0,0,0,0
236111603,0.000000,161,0.000,0.000,0,0,0,0
266388000,0.000000,30,0.000,0.000,0,0,0,0
219013226,0.000000,45,0.000,0.000,0,0,0,0
218008130,0.000000,18,0.000,0.000,0,0,0,0
219941000,0.000000,65,0.000,0.000,0,0,0,0
219029880,0.000000,199,0.000,0.000,0,0,0,0
219000618,0.000000,41,0.000,0.000,0,0,0,0
219024177,0.000000,243,0.000,0.000,0,0,0,0
319301000,0.000000,69,0.000,0.000,0,0,0,0
255805842,0.000000,31,0.000,0.000,0,0,0,0
219167000,0.000000,93,0.000,0.000,0,0,0,0
219000872,0.000000,77,0.000,0.000,0,0,0,0
219005867,0.000000,70,0.000,0.000,0,0,0,0
261021120,0.000000,8,0.000,0.000,0,0,0,0
219014012,0.000000,46,0.000,0.000,0,0,0,0
219203000,0.000000,72,0.000,0.000,0,0,0,0
245634000,0.000000,20,0.000,0.000,0,0,0,0
212577000,0.000000,12,0.000,0.000,0,0,0,0
219005454,0.000000,62,0.000,0.000,0,0,0,0
538011530,0.000000,145,0.000,0.000,0,0,0,0
265042000,0.000000,333,0.000,0.000,0,0,0,0
219000752,0.000000,30,0.000,0.000,0,0,0,0
265733640,0.000000,309,0.000,0.000,0,0,0,0
219029751,0.000000,46,0.000,0.000,0,0,0,0
211216490,0.000000,73,0.000,0.000,0,0,0,0
245924000,0.000000,193,0.000,0.000,0,0,0,0
220182000,0.000000,57,0.000,0.000,0,0,0,0
219012302,0.000000,83,0.000,0.000,0,0,0,0
219035058,0.000000,4,0.000,0.000,0,0,0,0
219001682,0.000000,97,0.000,0.000,0,0,0,0
211410690,0.000000,72,0.000,0.000,0,0,0,0
265504660,0.000000,86,0.000,0.000,0,0,0,0
218836000,0.000000,120,0.000,0.000,0,0,0,0
265412000,0.000000,135,0.000,0.000,0,0,0,0
219011321,0.000000,30,0.000,0.000,0,0,0,0
244730000,0.000000,110,0.000,0.000,0,0,0,0
258030900,0.000000,106,0.000,0.000,0,0,0,0
247229700,0.000000,371,0.000,0.000,0,0,0,0
219011325,0.000000,66,0.000,0.000,0,0,0,0
667001256,0.000000,118,0.000,0.000,0,0,0,0
219005059,0.000000,88,0.000,0.000,0,0,0,0
265608060,0.000000,67,0.000,0.000,0,0,0,0
245897000,0.000000,33,0.000,0.000,0,0,0,0
266147000,0.000000,57,0.000,0.000,0,0,0,0
244874000,0.000000,36,0.000,0.000,0,0,0,0
230179120,0.000000,54,0.000,0.000,0,0,0,0
219035097,0.000000,219,0.000,0.000,0,0,0,0
257058070,0.000000,112,0.000,0.000,0,0,0,0
265732730,0.000000,13,0.000,0.000,0,0,0,0
265708000,0.000000,32,0.000,0.000,0,0,0,0
261044060,0.000000,5,0.000,0.000,0,0,0,0
918000127,0.000000,73,0.000,0.000,0,0,0,0
257759000,0.000000,252,0.000,0.000,0,0,0,0
249351000,0.000000,211,0.000,0.000,0,0,0,0
219777000,0.000000,31,0.000,0.000,0,0,0,0
219026999,0.000000,4,0.000,0.000,0,0,0,0
219299000,0.000000,156,0.000,0.000,0,0,0,0
219001259,0.000000,44,0.000,0.000,0,0,0,0
355124000,0.000000,85,0.000,0.000,0,0,0,0
219244000,0.000000,87,0.000,0.000,0,0,0,0
257650500,0.000000,70,0.000,0.000,0,0,0,0
219027026,0.000000,60,0.000,0.000,0,0,0,0
211363300,0.000000,25,0.000,0.000,0,0,0,0
538008844,0.000000,98,0.000,0.000,0,0,0,0
205499000,0.000000,3,0.000,0.000,0,0,0,0
219034365,0.000000,180,0.000,0.000,0,0,0,0
246347000,0.000000,62,0.000,0.000,0,0,0,0
231163000,0.000000,68,0.000,0.000,0,0,0,0
205127000,0.000000,33,0.000,0.000,0,0,0,0
220283000,0.000000,34,0.000,0.000,0,0,0,0
265463000,0.000000,191,0.000,0.000,0,0,0,0
219000603,0.000000,54,0.000,0.000,0,0,0,0
354345000,0.000000,90,0.000,0.000,0,0,0,0
219031658,0.000000,3,0.000,0.000,0,0,0,0
211147180,0.000000,23,0.000,0.000,0,0,0,0
311000330,0.000000,150,0.000,0.000,0,0,0,0
219002661,0.000000,112,0.000,0.000,0,0,0,0
219024923,0.000000,71,0.000,0.000,0,0,0,0
636018799,0.000000,62,0.000,0.000,0,0,0,0
255806189,0.000000,73,0.000,0.000,0,0,0,0
211595270,0.000000,3,0.000,0.000,0,0,0,0
219007898,0.000000,43,0.000,0.000,0,0,0,0
246925000,0.000000,147,0.000,0.000,0,0,0,0
220544000,0.000000,31,0.000,0.000,0,0,0,0
265550210,0.000000,43,0.000,0.000,0,0,0,0
219030533,0.000000,137,0.000,0.000,0,0,0,0
219001061,0.000000,63,0.000,0.000,0,0,0,0
255806436,0.000000,236,0.000,0.000,0,0,0,0
219006113,0.000000,33,0.000,0.000,0,0,0,0
219020688,0.000000,18,0.000,0.000,0,0,0,0
244475000,0.000000,158,0.000,0.000,0,0,0,0
220072000,0.000000,32,0.000,0.000,0,0,0,0
255805880,0.000000,22,0.000,0.000,0,0,0,0
266006000,0.000000,1105,0.000,0.000,0,0,0,0
265063530,0.000000,20,0.000,0.000,0,0,0,0
219013514,0.000000,189,0.000,0.000,0,0,0,0
244830818,0.000000,111,0.000,0.000,0,0,0,0
219001695,0.000000,45,0.000,0.000,0,0,0,0
246812000,0.000000,15,0.000,0.000,0,0,0,0
219026360,0.000000,6,0.000,0.000,0,0,0,0
219019316,0.000000,30,0.000,0.000,0,0,0,0
265032410,0.000000,21,0.000,0.000,0,0,0,0
538009882,0.000000,39,0.000,0.000,0,0,0,0
261185762,0.000000,16,0.000,0.000,0,0,0,0
256339000,0.000000,219,0.000,0.000,0,0,0,0
219010252,0.000000,35,0.000,0.000,0,0,0,0
219164000,0.000000,95,0.000,0.000,0,0,0,0
219017815,0.000000,73,0.000,0.000,0,0,0,0
257186000,0.000000,203,0.000,0.000,0,0,0,0
211765110,0.000000,5,0.000,0.000,0,0,0,0
265828500,0.000000,43,0.000,0.000,0,0,0,0
219018172,0.000000,66,0.000,0.000,0,0,0,0
219904000,0.000000,160,0.000,0.000,0,0,0,0
257182000,0.000000,132,0.000,0.000,0,0,0,0
219018865,0.000000,122,0.000,0.000,0,0,0,0
211683850,0.000000,4,0.000,0.000,0,0,0,0
219113000,0.000000,38,0.000,0.000,0,0,0,0
211809000,0.000000,65,0.000,0.000,0,0,0,0
219002586,0.000000,30,0.000,0.000,0,0,0,0
219001604,0.000000,36,0.000,0.000,0,0,0,0
314207000,0.000000,389,0.000,0.000,0,0,0,0
265547110,0.000000,6,0.000,0.000,0,0,0,0
636015378,0.000000,63,0.000,0.000,0,0,0,0
265527470,0.000000,60,0.000,0.000,0,0,0,0
257608500,0.000000,54,0.000,0.000,0,0,0,0
636021061,0.000000,156,0.000,0.000,0,0,0,0
219002774,0.000000,63,0.000,0.000,0,0,0,0
211265610,0.000000,28,0.000,0.000,0,0,0,0
219029699,0.000000,28,0.000,0.000,0,0,0,0
219004896,0.000000,43,0.000,0.000,0,0,0,0
219004242,0.000000,114,0.000,0.000,0,0,0,0
211624870,0.000000,57,0.000,0.000,0,0,0,0
245319000,0.000000,162,0.000,0.000,0,0,0,0
305573000,0.000000,519,0.000,0.000,0,0,0,0
205772000,0.000000,97,0.000,0.000,0,0,0,0
211101000,0.000000,26,0.000,0.000,0,0,0,0
235113771,0.000000,421,0.000,0.000,0,0,0,0
265030800,0.000000,22,0.000,0.000,0,0,0,0
211254100,0.000000,2,0.000,0.000,0,0,0,0
219018615,0.000000,5,0.000,0.000,0,0,0,0
244742000,0.000000,278,0.000,0.000,0,0,0,0
265810820,0.000000,18,0.000,0.000,0,0,0,0
266458000,0.000000,75,0.000,0.000,0,0,0,0
257861000,0.000000,80,0.000,0.000,0,0,0,0
266469000,0.000000,84,0.000,0.000,0,0,0,0
257206000,0.000000,182,0.000,0.000,0,0,0,0
219031797,0.000000,58,0.000,0.000,0,0,0,0
219000859,0.000000,74,0.000,0.000,0,0,0,0
636016697,0.000000,139,0.000,0.000,0,0,0,0
211233010,0.000000,22,0.000,0.000,0,0,0,0
265511420,0.000000,92,0.000,0.000,0,0,0,0
244016000,0.000000,36,0.000,0.000,0,0,0,0
245693000,0.000000,173,0.000,0.000,0,0,0,0
255806257,0.000000,148,0.000,0.000,0,0,0,0
244074000,0.000000,242,0.000,0.000,0,0,0,0
220432777,0.000000,5,0.000,0.000,0,0,0,0
265627630,0.000000,42,0.000,0.000,0,0,0,0
257176000,0.000000,38,0.000,0.000,0,0,0,0
219007265,0.000000,3,0.000,0.000,0,0,0,0
220317000,0.000000,35,0.000,0.000,0,0,0,0
219705000,0.000000,44,0.000,0.000,0,0,0,0
219022047,0.000000,51,0.000,0.000,0,0,0,0
211227270,0.000000,37,0.000,0.000,0,0,0,0
211130000,0.000000,70,0.000,0.000,0,0,0,0
249219000,0.000000,29,0.000,0.000,0,0,0,0
219014974,0.000000,51,0.000,0.000,0,0,0,0
244224000,0.000000,155,0.000,0.000,0,0,0,0
277573000,0.000000,18,0.000,0.000,0,0,0,0
258933000,0.000000,719,0.000,0.000,0,0,0,0
219016555,0.000000,211,0.000,0.000,0,0,0,0
230643000,0.000000,386,0.000,0.000,0,0,0,0
219007781,0.000000,208,0.000,0.000,0,0,0,0
211303110,0.000000,46,0.000,0.000,0,0,0,0
210388000,0.000000,100,0.000,0.000,0,0,0,0
219004903,0.000000,68,0.000,0.000,0,0,0,0
219006219,0.000000,29,0.000,0.000,0,0,0,0
265757700,0.000000,53,0.000,0.000,0,0,0,0
219853000,0.000000,70,0.000,0.000,0,0,0,0
220097000,0.000000,3,0.000,0.000,0,0,0,0
265177000,0.000000,50,0.000,0.000,0,0,0,0
258184000,0.000000,1,0.000,0.000,0,0,0,0
219026172,0.000000,49,0.000,0.000,0,0,0,0
246539000,0.000000,32,0.000,0.000,0,0,0,0
265586990,0.000000,33,0.000,0.000,0,0,0,0
265066200,0.000000,13,0.000,0.000,0,0,0,0
219004266,0.000000,38,0.000,0.000,0,0,0,0
211291350,0.000000,42,0.000,0.000,0,0,0,0
219862000,0.000000,48,0.000,0.000,0,0,0,0
219006382,0.000000,35,0.000,0.000,0,0,0,0
219000431,0.000000,180,0.000,0.000,0,0,0,0
219868000,0.000000,30,0.000,0.000,0,0,0,0
219016615,0.000000,73,0.000,0.000,0,0,0,0
257903700,0.000000,13,0.000,0.000,0,0,0,0
219022260,0.000000,36,0.000,0.000,0,0,0,0
219029577,0.000000,66,0.000,0.000,0,0,0,0
219033013,0.000000,42,0.000,0.000,0,0,0,0
219015503,0.000000,5,0.000,0.000,0,0,0,0
219423000,0.000000,192,0.000,0.000,0,0,0,0
219001699,0.000000,7,0.000,0.000,0,0,0,0
253751000,0.000000,41,0.000,0.000,0,0,0,0
255815000,0.000000,415,0.000,0.000,0,0,0,0
352005615,0.000000,63,0.000,0.000,0,0,0,0
211395930,0.000000,19,0.000,0.000,0,0,0,0
219000881,0.000000,65,0.000,0.000,0,0,0,0
219029576,0.000000,29,0.000,0.000,0,0,0,0
219028133,0.000000,4,0.000,0.000,0,0,0,0
219032925,0.000000,6,0.000,0.000,0,0,0,0
211297410,0.000000,215,0.000,0.000,0,0,0,0
266394000,0.000000,42,0.000,0.000,0,0,0,0
211786100,0.000000,6,0.000,0.000,0,0,0,0
265035000,0.000000,108,0.000,0.000,0,0,0,0
219009763,0.000000,13,0.000,0.000,0,0,0,0
219023648,0.000000,124,0.000,0.000,0,0,0,0
211259070,0.000000,7,0.000,0.000,0,0,0,0
538011640,0.000000,124,0.000,0.000,0,0,0,0
219002666,0.000000,111,0.000,0.000,0,0,0,0
218038560,0.000000,7,0.000,0.000,0,0,0,0
265522730,0.000000,17,0.000,0.000,0,0,0,0
210028000,0.000000,182,0.000,0.000,0,0,0,0
219001125,0.000000,26,0.000,0.000,0,0,0,0
219250000,0.000000,67,0.000,0.000,0,0,0,0
220204000,0.000000,91,0.000,0.000,0,0,0,0
372182000,0.000000,32,0.000,0.000,0,0,0,0
219006835,0.000000,72,0.000,0.000,0,0,0,0
249810000,0.000000,111,0.000,0.000,0,0,0,0
636022818,0.000000,244,0.000,0.000,0,0,0,0
538008784,0.000000,65,0.000,0.000,0,0,0,0
992576501,0.000000,9,0.000,0.000,0,0,0,0
219007393,0.000000,52,0.000,0.000,0,0,0,0
244850855,0.000000,115,0.000,0.000,0,0,0,0
211341960,0.000000,18,0.000,0.000,0,0,0,0
636020231,0.000000,125,0.000,0.000,0,0,0,0
210620000,0.000000,3,0.000,0.000,0,0,0,0
219035095,0.000000,3,0.000,0.000,0,0,0,0
211477000,0.000000,58,0.000,0.000,0,0,0,0
219000193,0.000000,2,0.000,0.000,0,0,0,0
219003217,0.000000,22,0.000,0.000,0,0,0,0
992651042,0.000000,33,0.000,0.000,0,0,0,0
305287000,0.000000,22,0.000,0.000,0,0,0,0
219026443,0.000000,24,0.000,0.000,0,0,0,0
219106000,0.000000,31,0.000,0.000,0,0,0,0
219014072,0.000000,9,0.000,0.000,0,0,0,0
219016832,0.000000,224,0.000,0.000,0,0,0,0
257127140,0.000000,73,0.000,0.000,0,0,0,0
311001499,0.000000,88,0.000,0.000,0,0,0,0
210222000,0.000000,304,0.000,0.000,0,0,0,0
215903000,0.000000,58,0.000,0.000,0,0,0,0
265654230,0.000000,3,0.000,0.000,0,0,0,0
245816000,0.000000,133,0.000,0.000,0,0,0,0
220138000,0.000000,61,0.000,0.000,0,0,0,0
219002624,0.000000,37,0.000,0.000,0,0,0,0
219027308,0.000000,30,0.000,0.000,0,0,0,0
220024000,0.000000,55,0.000,0.000,0,0,0,0
218054320,0.000000,23,0.000,0.000,0,0,0,0
219006092,0.000000,49,0.000,0.000,0,0,0,0
211125170,0.000000,41,0.000,0.000,0,0,0,0
261012410,0.000000,26,0.000,0.000,0,0,0,0
265703000,0.000000,46,0.000,0.000,0,0,0,0
211115000,0.000000,28,0.000,0.000,0,0,0,0
209610000,0.000000,86,0.000,0.000,0,0,0,0
219002973,0.000000,64,0.000,0.000,0,0,0,0
249127000,0.000000,19,0.000,0.000,0,0,0,0
219021266,0.000000,49,0.000,0.000,0,0,0,0
241455000,0.000000,25,0.000,0.000,0,0,0,0
235003400,0.000000,31,0.000,0.000,0,0,0,0
228468700,0.000000,144,0.000,0.000,0,0,0,0
219787000,0.000000,71,0.000,0.000,0,0,0,0
219002602,0.000000,114,0.000,0.000,0,0,0,0
219004179,0.000000,58,0.000,0.000,0,0,0,0
538007403,0.000000,165,0.000,0.000,0,0,0,0
244850515,0.000000,165,0.000,0.000,0,0,0,0
576909000,0.000000,32,0.000,0.000,0,0,0,0
265041000,0.000000,54,0.000,0.000,0,0,0,0
211243440,0.000000,4,0.000,0.000,0,0,0,0
219001522,0.000000,64,0.000,0.000,0,0,0,0
219105000,0.000000,239,0.000,0.000,0,0,0,0
219011538,0.000000,20,0.000,0.000,0,0,0,0
219005477,0.000000,103,0.000,0.000,0,0,0,0
219032673,0.000000,38,0.000,0.000,0,0,0,0
276869000,0.000000,20,0.000,0.000,0,0,0,0
219013178,0.000000,54,0.000,0.000,0,0,0,0
266414000,0.000000,33,0.000,0.000,0,0,0,0
211727510,0.000000,238,0.000,0.000,0,0,0,0
266365000,0.000000,44,0.000,0.000,0,0,0,0
211464420,0.000000,7,0.000,0.000,0,0,0,0
265002000,0.000000,67,0.000,0.000,0,0,0,0
308803000,0.000000,230,0.000,0.000,0,0,0,0
636018560,0.000000,56,0.000,0.000,0,0,0,0
219000811,0.000000,150,0.000,0.000,0,0,0,0
211783270,0.000000,27,0.000,0.000,0,0,0,0
311001116,0.000000,213,0.000,0.000,0,0,0,0
341810000,0.000000,59,0.000,0.000,0,0,0,0
219019804,0.000000,37,0.000,0.000,0,0,0,0
219798000,0.000000,38,0.000,0.000,0,0,0,0
244090781,0.000000,35,0.000,0.000,0,0,0,0
219867000,0.000000,66,0.000,0.000,0,0,0,0
211452000,0.000000,69,0.000,0.000,0,0,0,0
245313000,0.000000,110,0.000,0.000,0,0,0,0
265546920,0.000000,2,0.000,0.000,0,0,0,0
219007457,0.000000,35,0.000,0.000,0,0,0,0
211576350,0.000000,14,0.000,0.000,0,0,0,0
211118490,0.000000,34,0.000,0.000,0,0,0,0
219027804,0.000000,34,0.000,0.000,0,0,0,0
249596000,0.000000,61,0.000,0.000,0,0,0,0
305299000,0.000000,42,0.000,0.000,0,0,0,0
219025528,0.000000,86,0.000,0.000,0,0,0,0
247311100,0.000000,34,0.000,0.000,0,0,0,0
259223000,0.000000,63,0.000,0.000,0,0,0,0
219003381,0.000000,39,0.000,0.000,0,0,0,0
219030227,0.000000,5,0.000,0.000,0,0,0,0
219030406,0.000000,72,0.000,0.000,0,0,0,0
219007835,0.000000,117,0.000,0.000,0,0,0,0
219001588,0.000000,118,0.000,0.000,0,0,0,0
211505400,0.000000,2,0.000,0.000,0,0,0,0
220349000,0.000000,32,0.000,0.000,0,0,0,0
265754460,0.000000,54,0.000,0.000,0,0,0,0
212160000,0.000000,166,0.000,0.000,0,0,0,0
205162000,0.000000,35,0.000,0.000,0,0,0,0
219002857,0.000000,80,0.000,0.000,0,0,0,0
636019884,0.000000,112,0.000,0.000,0,0,0,0
209968000,0.000000,99,0.000,0.000,0,0,0,0
249855000,0.000000,206,0.000,0.000,0,0,0,0
211265530,0.000000,72,0.000,0.000,0,0,0,0
219004128,0.000000,37,0.000,0.000,0,0,0,0
211772470,0.000000,1,0.000,0.000,0,0,0,0
211692500,0.000000,6,0.000,0.000,0,0,0,0
219012789,0.000000,14,0.000,0.000,0,0,0,0
248897000,0.000000,23,0.000,0.000,0,0,0,0
314875000,0.000000,98,0.000,0.000,0,0,0,0
211360780,0.000000,9,0.000,0.000,0,0,0,0
219028115,0.000000,72,0.000,0.000,0,0,0,0
265866000,0.000000,192,0.000,0.000,0,0,0,0
219009414,0.000000,59,0.000,0.000,0,0,0,0
218768000,0.000000,78,0.000,0.000,0,0,0,0
219000818,0.000000,74,0.000,0.000,0,0,0,0
219000827,0.000000,39,0.000,0.000,0,0,0,0
255916226,0.000000,122,0.000,0.000,0,0,0,0
220343000,0.000000,65,0.000,0.000,0,0,0,0
265513270,0.000000,51,0.000,0.000,0,0,0,0
219026257,0.000000,193,0.000,0.000,0,0,0,0
265011730,0.000000,43,0.000,0.000,0,0,0,0
265703830,0.000000,1,0.000,0.000,0,0,0,0
246655000,0.000000,92,0.000,0.000,0,0,0,0
304010515,0.000000,132,0.000,0.000,0,0,0,0
265071180,0.000000,16,0.000,0.000,0,0,0,0
219825000,0.000000,137,0.000,0.000,0,0,0,0
211302570,0.000000,177,0.000,0.000,0,0,0,0
211313660,0.000000,71,0.000,0.000,0,0,0,0
219020578,0.000000,63,0.000,0.000,0,0,0,0
211677980,0.000000,2,0.000,0.000,0,0,0,0
219033372,0.000000,1,0.000,0.000,0,0,0,0
255915769,0.000000,19,0.000,0.000,0,0,0,0
219015617,0.000000,41,0.000,0.000,0,0,0,0
219000836,0.000000,94,0.000,0.000,0,0,0,0
255806139,0.000000,62,0.000,0.000,0,0,0,0
219003141,0.000000,76,0.000,0.000,0,0,0,0
266065000,0.000000,83,0.000,0.000,0,0,0,0
266166000,0.000000,39,0.000,0.000,0,0,0,0
255724000,0.000000,23,0.000,0.000,0,0,0,0
257315000,0.000000,129,0.000,0.000,0,0,0,0
205214000,0.000000,198,0.000,0.000,0,0,0,0
316023651,0.000000,46,0.000,0.000,0,0,0,0
219007034,0.000000,71,0.000,0.000,0,0,0,0
266334000,0.000000,5,0.000,0.000,0,0,0,0
219012671,0.000000,98,0.000,0.000,0,0,0,0
219030200,0.000000,37,0.000,0.000,0,0,0,0
219000575,0.000000,66,0.000,0.000,0,0,0,0
219018682,0.000000,34,0.000,0.000,0,0,0,0
219031087,0.000000,31,0.000,0.000,0,0,0,0
211266470,0.000000,26,0.000,0.000,0,0,0,0
219002779,0.000000,35,0.000,0.000,0,0,0,0
261004260,0.000000,43,0.000,0.000,0,0,0,0
219017105,0.000000,57,0.000,0.000,0,0,0,0
636015284,0.000000,54,0.000,0.000,0,0,0,0
219027752,0.000000,21,0.000,0.000,0,0,0,0
538008513,0.000000,104,0.000,0.000,0,0,0,0
265570730,0.000000,65,0.000,0.000,0,0,0,0
219517000,0.000000,175,0.000,0.000,0,0,0,0
220341000,0.000000,176,0.000,0.000,0,0,0,0
219002005,0.000000,59,0.000,0.000,0,0,0,0
244615184,0.000000,89,0.000,0.000,0,0,0,0
219609000,0.000000,599,0.000,0.000,0,0,0,0
355444000,0.000000,21,0.000,0.000,0,0,0,0
219014538,0.000000,5,0.000,0.000,0,0,0,0
219000775,0.000000,62,0.000,0.000,0,0,0,0
211222710,0.000000,24,0.000,0.000,0,0,0,0
636023946,0.000000,228,0.000,0.000,0,0,0,0
209645000,0.000000,71,0.000,0.000,0,0,0,0
219005836,0.000000,5,0.000,0.000,0,0,0,0
211255580,0.000000,34,0.000,0.000,0,0,0,0
219000368,0.000000,419,0.000,0.000,0,0,0,0
219001647,0.000000,73,0.000,0.000,0,0,0,0
219031651,0.000000,1,0.000,0.000,0,0,0,0
219014162,0.000000,60,0.000,0.000,0,0,0,0
265693270,0.000000,30,0.000,0.000,0,0,0,0
211226940,0.000000,36,0.000,0.000,0,0,0,0
255801580,0.000000,23,0.000,0.000,0,0,0,0
246668000,0.000000,137,0.000,0.000,0,0,0,0
219005902,0.000000,3,0.000,0.000,0,0,0,0
219005887,0.000000,68,0.000,0.000,0,0,0,0
220345000,0.000000,59,0.000,0.000,0,0,0,0
219026119,0.000000,69,0.000,0.000,0,0,0,0
211364330,0.000000,25,0.000,0.000,0,0,0,0
219033674,0.000000,3,0.000,0.000,0,0,0,0
219001587,0.000000,49,0.000,0.000,0,0,0,0
211431130,0.000000,4,0.000,0.000,0,0,0,0
219008746,0.000000,56,0.000,0.000,0,0,0,0
253830000,0.000000,63,0.000,0.000,0,0,0,0
235008380,0.000000,34,0.000,0.000,0,0,0,0
219014161,0.000000,32,0.000,0.000,0,0,0,0
219005826,0.000000,57,0.000,0.000,0,0,0,0
265523410,0.000000,36,0.000,0.000,0,0,0,0
219019010,0.000000,30,0.000,0.000,0,0,0,0
305414000,0.000000,89,0.000,0.000,0,0,0,0
266220000,0.000000,98,0.000,0.000,0,0,0,0
246061000,0.000000,201,0.000,0.000,0,0,0,0
219016683,0.000000,63,0.000,0.000,0,0,0,0
219022479,0.000000,5,0.000,0.000,0,0,0,0
219001959,0.000000,32,0.000,0.000,0,0,0,0
266143000,0.000000,56,0.000,0.000,0,0,0,0
230688000,0.000000,112,0.000,0.000,0,0,0,0
259186000,0.000000,222,0.000,0.000,0,0,0,0
636024691,0.000000,63,0.000,0.000,0,0,0,0
265511440,0.000000,3,0.000,0.000,0,0,0,0
211225350,0.000000,11,0.000,0.000,0,0,0,0
228468800,0.000000,329,0.000,0.000,0,0,0,0
220623000,0.000000,14,0.000,0.000,0,0,0,0
266452000,0.000000,37,0.000,0.000,0,0,0,0
352003063,0.000000,53,0.000,0.000,0,0,0,0
210210000,0.000000,36,0.000,0.000,0,0,0,0
219000809,0.000000,148,0.000,0.000,0,0,0,0
353155000,0.000000,212,0.000,0.000,0,0,0,0
219027771,0.000000,69,0.000,0.000,0,0,0,0
219000604,0.000000,72,0.000,0.000,0,0,0,0
219034145,0.000000,8,0.000,0.000,0,0,0,0
261535000,0.000000,34,0.000,0.000,0,0,0,0
305286000,0.000000,107,0.000,0.000,0,0,0,0
209681000,0.000000,191,0.000,0.000,0,0,0,0
245808000,0.000000,162,0.000,0.000,0,0,0,0
311622000,0.000000,111,0.000,0.000,0,0,0,0
219000187,0.000000,35,0.000,0.000,0,0,0,0
265573140,0.000000,39,0.000,0.000,0,0,0,0
266066000,0.000000,68,0.000,0.000,0,0,0,0
219016966,0.000000,3,0.000,0.000,0,0,0,0
215378000,0.000000,125,0.000,0.000,0,0,0,0
219031645,0.000000,31,0.000,0.000,0,0,0,0
253726000,0.000000,85,0.000,0.000,0,0,0,0
219024000,0.000000,68,0.000,0.000,0,0,0,0
255916285,0.000000,50,0.000,0.000,0,0,0,0
244710825,0.000000,71,0.000,0.000,0,0,0,0
230028680,0.000000,105,0.000,0.000,0,0,0,0
219026000,0.000000,197,0.000,0.000,0,0,0,0
211212850,0.000000,5,0.000,0.000,0,0,0,0
210155000,0.000000,43,0.000,0.000,0,0,0,0
265522210,0.000000,32,0.000,0.000,0,0,0,0
265809350,0.000000,11,0.000,0.000,0,0,0,0
212006000,0.000000,44,0.000,0.000,0,0,0,0
235095777,0.000000,62,0.000,0.000,0,0,0,0
230666000,0.000000,83,0.000,0.000,0,0,0,0
219023834,0.000000,158,0.000,0.000,0,0,0,0
265588470,0.000000,19,0.000,0.000,0,0,0,0
255805390,0.000000,128,0.000,0.000,0,0,0,0
211293510,0.000000,38,0.000,0.000,0,0,0,0
261003060,0.000000,19,0.000,0.000,0,0,0,0
219005827,0.000000,63,0.000,0.000,0,0,0,0
219029698,0.000000,37,0.000,0.000,0,0,0,0
219012073,0.000000,64,0.000,0.000,0,0,0,0
219003879,0.000000,38,0.000,0.000,0,0,0,0
219024676,0.000000,52,0.000,0.000,0,0,0,0
261021560,0.000000,5,0.000,0.000,0,0,0,0
265051000,0.000000,373,0.000,0.000,0,0,0,0
257574500,0.000000,44,0.000,0.000,0,0,0,0
305980000,0.000000,81,0.000,0.000,0,0,0,0
209911000,0.000000,100,0.000,0.000,0,0,0,0
257339000,0.000000,64,0.000,0.000,0,0,0,0
305333000,0.000000,32,0.000,0.000,0,0,0,0
265701610,0.000000,6,0.000,0.000,0,0,0,0
219030656,0.000000,58,0.000,0.000,0,0,0,0
211209290,0.000000,19,0.000,0.000,0,0,0,0
211472530,0.000000,5,0.000,0.000,0,0,0,0
219996000,0.000000,84,0.000,0.000,0,0,0,0
265739650,0.000000,22,0.000,0.000,0,0,0,0
219013179,0.000000,3,0.000,0.000,0,0,0,0
265507230,0.000000,22,0.000,0.000,0,0,0,0
305426000,0.000000,60,0.000,0.000,0,0,0,0
219028503,0.000000,3,0.000,0.000,0,0,0,0
219001058,0.000000,1,0.000,0.000,0,0,0,0
256603000,0.000000,106,0.000,0.000,0,0,0,0
259495000,0.000000,21,0.000,0.000,0,0,0,0
210350000,0.000000,67,0.000,0.000,0,0,0,0
375052000,0.000000,6,0.000,0.000,0,0,0,0
220307000,0.000000,30,0.000,0.000,0,0,0,0
211796430,0.000000,38,0.000,0.000,0,0,0,0
305479000,0.000000,9,0.000,0.000,0,0,0,0
265048100,0.000000,37,0.000,0.000,0,0,0,0
212499000,0.000000,166,0.000,0.000,0,0,0,0
211763180,0.000000,4,0.000,0.000,0,0,0,0
235006758,0.000000,39,0.000,0.000,0,0,0,0
219005886,0.000000,64,0.000,0.000,0,0,0,0
259995000,0.000000,71,0.000,0.000,0,0,0,0
219008474,0.000000,59,0.000,0.000,0,0,0,0
244790677,0.000000,45,0.000,0.000,0,0,0,0
314668000,0.000000,31,0.000,0.000,0,0,0,0
258763000,0.000000,73,0.000,0.000,0,0,0,0
219005511,0.000000,85,0.000,0.000,0,0,0,0
230982000,0.000000,81,0.000,0.000,0,0,0,0
211836130,0.000000,40,0.000,0.000,0,0,0,0
244090800,0.000000,4,0.000,0.000,0,0,0,0
245286000,0.000000,28,0.000,0.000,0,0,0,0
259222000,0.000000,358,0.000,0.000,0,0,0,0
210510000,0.000000,171,0.000,0.000,0,0,0,0
219006389,0.000000,67,0.000,0.000,0,0,0,0
219011225,0.000000,56,0.000,0.000,0,0,0,0
261002065,0.000000,125,0.000,0.000,0,0,0,0
219592000,0.000000,98,0.000,0.000,0,0,0,0
265034000,0.000000,65,0.000,0.000,0,0,0,0
218042590,0.000000,3,0.000,0.000,0,0,0,0
231815000,0.000000,29,0.000,0.000,0,0,0,0
219001284,0.000000,73,0.000,0.000,0,0,0,0
212385000,0.000000,35,0.000,0.000,0,0,0,0
219024715,0.000000,116,0.000,0.000,0,0,0,0
477941500,0.000000,111,0.000,0.000,0,0,0,0
211888260,0.000000,5,0.000,0.000,0,0,0,0
219003232,0.000000,2,0.000,0.000,0,0,0,0
305212000,0.000000,226,0.000,0.000,0,0,0,0
220323000,0.000000,59,0.000,0.000,0,0,0,0
511101001,0.000000,91,0.000,0.000,0,0,0,0
249923000,0.000000,106,0.000,0.000,0,0,0,0
211366340,0.000000,132,0.000,0.000,0,0,0,0
219801000,0.000000,61,0.000,0.000,0,0,0,0
219670000,0.000000,37,0.000,0.000,0,0,0,0
219011867,0.000000,37,0.000,0.000,0,0,0,0
219015362,0.000000,36,0.000,0.000,0,0,0,0
209332000,0.000000,28,0.000,0.000,0,0,0,0
219005583,0.000000,35,0.000,0.000,0,0,0,0
220279000,0.000000,183,0.000,0.000,0,0,0,0
211838520,0.000000,6,0.000,0.000,0,0,0,0
265797070,0.000000,1,0.000,0.000,0,0,0,0
219002418,0.000000,36,0.000,0.000,0,0,0,0
211190000,0.000000,174,0.000,0.000,0,0,0,0
219024848,0.000000,7,0.000,0.000,0,0,0,0
219329000,0.000000,3,0.000,0.000,0,0,0,0
219030590,0.000000,25,0.000,0.000,0,0,0,0
219026706,0.000000,54,0.000,0.000,0,0,0,0
219007036,0.000000,55,0.000,0.000,0,0,0,0
219031423,0.000000,34,0.000,0.000,0,0,0,0
220356000,0.000000,62,0.000,0.000,0,0,0,0
219022256,0.000000,65,0.000,0.000,0,0,0,0
235007573,0.000000,53,0.000,0.000,0,0,0,0
308654000,0.000000,127,0.000,0.000,0,0,0,0
219001819,0.000000,52,0.000,0.000,0,0,0,0
352898761,0.000000,74,0.000,0.000,0,0,0,0
220446000,0.000000,55,0.000,0.000,0,0,0,0
219034045,0.000000,2,0.000,0.000,0,0,0,0
236385000,0.000000,100,0.000,0.000,0,0,0,0
249742000,0.000000,33,0.000,0.000,0,0,0,0
219017664,0.000000,96,0.000,0.000,0,0,0,0
244090097,0.000000,142,0.000,0.000,0,0,0,0
354536000,0.000000,86,0.000,0.000,0,0,0,0
219024281,0.000000,103,0.000,0.000,0,0,0,0
992651065,0.000000,44,0.000,0.000,0,0,0,0
305313000,0.000000,275,0.000,0.000,0,0,0,0
245782000,0.000000,37,0.000,0.000,0,0,0,0
230191330,0.000000,4,0.000,0.000,0,0,0,0
265586020,0.000000,53,0.000,0.000,0,0,0,0
219007401,0.000000,62,0.000,0.000,0,0,0,0
992576500,0.000000,5,0.000,0.000,0,0,0,0
211192000,0.000000,24,0.000,0.000,0,0,0,0
209415000,0.000000,63,0.000,0.000,0,0,0,0
219005513,0.000000,39,0.000,0.000,0,0,0,0
219026147,0.000000,53,0.000,0.000,0,0,0,0
219032848,0.000000,3,0.000,0.000,0,0,0,0
211700520,0.000000,22,0.000,0.000,0,0,0,0
219008145,0.000000,60,0.000,0.000,0,0,0,0
246970000,0.000000,40,0.000,0.000,0,0,0,0
219419000,0.000000,36,0.000,0.000,0,0,0,0
219020533,0.000000,70,0.000,0.000,0,0,0,0
249120000,0.000000,75,0.000,0.000,0,0,0,0
219002585,0.000000,47,0.000,0.000,0,0,0,0
220359000,0.000000,45,0.000,0.000,0,0,0,0
218346000,0.000000,192,0.000,0.000,0,0,0,0
219016873,0.000000,108,0.000,0.000,0,0,0,0
257377000,0.000000,9,0.000,0.000,0,0,0,0
265610040,0.000000,134,0.000,0.000,0,0,0,0
370894000,0.000000,476,0.000,0.000,0,0,0,0
265514840,0.000000,64,0.000,0.000,0,0,0,0
211248930,0.000000,1,0.000,0.000,0,0,0,0
266186000,0.000000,14,0.000,0.000,0,0,0,0
257177000,0.000000,126,0.000,0.000,0,0,0,0
219022903,0.000000,37,0.000,0.000,0,0,0,0
219003452,0.000000,39,0.000,0.000,0,0,0,0
219033166,0.000000,24,0.000,0.000,0,0,0,0
211720300,0.000000,3,0.000,0.000,0,0,0,0
230039000,0.000000,14,0.000,0.000,0,0,0,0
265573150,0.000000,29,0.000,0.000,0,0,0,0
244387091,0.000000,1,0.000,0.000,0,0,0,0
266470000,0.000000,242,0.000,0.000,0,0,0,0
636092156,0.000000,241,0.000,0.000,0,0,0,0
275516000,0.000000,114,0.000,0.000,0,0,0,0
219030015,0.000000,3,0.000,0.000,0,0,0,0
219004119,0.000000,59,0.000,0.000,0,0,0,0
219007596,0.000000,68,0.000,0.000,0,0,0,0
220225000,0.000000,38,0.000,0.000,0,0,0,0
636019935,0.000000,187,0.000,0.000,0,0,0,0
219018082,0.000000,15,0.000,0.000,0,0,0,0
266324000,0.000000,19,0.000,0.000,0,0,0,0
304955000,0.000000,127,0.000,0.000,0,0,0,0
244130689,0.000000,39,0.000,0.000,0,0,0,0
211216500,0.000000,41,0.000,0.000,0,0,0,0
219010873,0.000000,67,0.000,0.000,0,0,0,0
210482000,0.000000,184,0.000,0.000,0,0,0,0
219006598,0.000000,92,0.000,0.000,0,0,0,0
219022081,0.000000,2,0.000,0.000,0,0,0,0
219024702,0.000000,38,0.000,0.000,0,0,0,0
266288000,0.000000,4,0.000,0.000,0,0,0,0
246065000,0.000000,31,0.000,0.000,0,0,0,0
305166000,0.000000,177,0.000,0.000,0,0,0,0
220368000,0.000000,36,0.000,0.000,0,0,0,0
265704020,0.000000,35,0.000,0.000,0,0,0,0
352005617,0.000000,36,0.000,0.000,0,0,0,0
219014875,0.000000,245,0.000,0.000,0,0,0,0
258542000,0.000000,36,0.000,0.000,0,0,0,0
219948000,0.000000,52,0.000,0.000,0,0,0,0
211379770,0.000000,34,0.000,0.000,0,0,0,0
265026000,0.000000,31,0.000,0.000,0,0,0,0
211308050,0.000000,37,0.000,0.000,0,0,0,0
304625000,0.000000,13,0.000,0.000,0,0,0,0
220012000,0.000000,55,0.000,0.000,0,0,0,0
219025245,0.000000,103,0.000,0.000,0,0,0,0
219429000,0.000000,65,0.000,0.000,0,0,0,0
219002823,0.000000,32,0.000,0.000,0,0,0,0
219301000,0.000000,64,0.000,0.000,0,0,0,0
230642000,0.000000,308,0.000,0.000,0,0,0,0
246338000,0.000000,21,0.000,0.000,0,0,0,0
219000896,0.000000,50,0.000,0.000,0,0,0,0
211227550,0.000000,47,0.000,0.000,0,0,0,0
266254000,0.000000,27,0.000,0.000,0,0,0,0
219034682,0.000000,1,0.000,0.000,0,0,0,0
219018493,0.000000,32,0.000,0.000,0,0,0,0
205168000,0.000000,122,0.000,0.000,0,0,0,0
219003113,0.000000,74,0.000,0.000,0,0,0,0
352003617,0.000000,54,0.000,0.000,0,0,0,0
235033145,0.000000,71,0.000,0.000,0,0,0,0
259264000,0.000000,33,0.000,0.000,0,0,0,0
219009041,0.000000,56,0.000,0.000,0,0,0,0
245170000,0.000000,288,0.000,0.000,0,0,0,0
219027309,0.000000,141,0.000,0.000,0,0,0,0
244536000,0.000000,14,0.000,0.000,0,0,0,0
538003439,0.000000,173,0.000,0.000,0,0,0,0
211299300,0.000000,15,0.000,0.000,0,0,0,0
219033037,0.000000,36,0.000,0.000,0,0,0,0
305066000,0.000000,19,0.000,0.000,0,0,0,0
219006478,0.000000,47,0.000,0.000,0,0,0,0
219006301,0.000000,103,0.000,0.000,0,0,0,0
211202970,0.000000,18,0.000,0.000,0,0,0,0
525121002,0.000000,66,0.000,0.000,0,0,0,0
211866190,0.000000,93,0.000,0.000,0,0,0,0
219000781,0.000000,42,0.000,0.000,0,0,0,0
219002798,0.000000,42,0.000,0.000,0,0,0,0
236111849,0.000000,3,0.000,0.000,0,0,0,0
355077000,0.000000,69,0.000,0.000,0,0,0,0
211526880,0.000000,3,0.000,0.000,0,0,0,0
219011136,0.000000,129,0.000,0.000,0,0,0,0
219024175,0.000000,98,0.000,0.000,0,0,0,0
219439000,0.000000,31,0.000,0.000,0,0,0,0
219333000,0.000000,137,0.000,0.000,0,0,0,0
265732860,0.000000,29,0.000,0.000,0,0,0,0
219009135,0.000000,58,0.000,0.000,0,0,0,0
210399000,0.000000,242,0.000,0.000,0,0,0,0
231075000,0.000000,127,0.000,0.000,0,0,0,0
219000606,0.000000,6,0.000,0.000,0,0,0,0
246389000,0.000000,71,0.000,0.000,0,0,0,0
538009128,0.000000,112,0.000,0.000,0,0,0,0
244870327,0.000000,45,0.000,0.000,0,0,0,0
370856000,0.000000,83,0.000,0.000,0,0,0,0
266064000,0.000000,18,0.000,0.000,0,0,0,0
211330490,0.000000,2,0.000,0.000,0,0,0,0
261146000,0.000000,8,0.000,0.000,0,0,0,0
304932000,0.000000,88,0.000,0.000,0,0,0,0
538006473,0.000000,16,0.000,0.000,0,0,0,0
266050000,0.000000,20,0.000,0.000,0,0,0,0
219019887,0.000000,228,0.000,0.000,0,0,0,0
219005901,0.000000,34,0.000,0.000,0,0,0,0
268248302,0.000000,1,0.000,0.000,0,0,0,0
220071000,0.000000,38,0.000,0.000,0,0,0,0
219002827,0.000000,61,0.000,0.000,0,0,0,0
211205810,0.000000,37,0.000,0.000,0,0,0,0
265524530,0.000000,20,0.000,0.000,0,0,0,0
211519000,0.000000,57,0.000,0.000,0,0,0,0
219186000,0.000000,40,0.000,0.000,0,0,0,0
219026081,0.000000,25,0.000,0.000,0,0,0,0
219034460,0.000000,2,0.000,0.000,0,0,0,0
219000962,0.000000,58,0.000,0.000,0,0,0,0
219001582,0.000000,38,0.000,0.000,0,0,0,0
219013964,0.000000,104,0.000,0.000,0,0,0,0
219011857,0.000000,73,0.000,0.000,0,0,0,0
219022000,0.000000,64,0.000,0.000,0,0,0,0
219004203,0.000000,34,0.000,0.000,0,0,0,0
563175200,0.000000,29,0.000,0.000,0,0,0,0
219000897,0.000000,96,0.000,0.000,0,0,0,0
220051000,0.000000,58,0.000,0.000,0,0,0,0
266384000,0.000000,70,0.000,0.000,0,0,0,0
244641000,0.000000,359,0.000,0.000,0,0,0,0
219775000,0.000000,125,0.000,0.000,0,0,0,0
992191518,0.000000,3,0.000,0.000,0,0,0,0
219018486,0.000000,37,0.000,0.000,0,0,0,0
219001189,0.000000,75,0.000,0.000,0,0,0,0
219025786,0.000000,3,0.000,0.000,0,0,0,0
257669000,0.000000,21,0.000,0.000,0,0,0,0
219005941,0.000000,40,0.000,0.000,0,0,0,0
219005751,0.000000,3,0.000,0.000,0,0,0,0
255805577,0.000000,28,0.000,0.000,0,0,0,0
219001553,0.000000,70,0.000,0.000,0,0,0,0
219015579,0.000000,155,0.000,0.000,0,0,0,0
230684000,0.000000,52,0.000,0.000,0,0,0,0
219016781,0.000000,53,0.000,0.000,0,0,0,0
219005671,0.000000,56,0.000,0.000,0,0,0,0
219031777,0.000000,5,0.000,0.000,0,0,0,0
244912000,0.000000,46,0.000,0.000,0,0,0,0
218197000,0.000000,123,0.000,0.000,0,0,0,0
211298240,0.000000,32,0.000,0.000,0,0,0,0
220088000,0.000000,67,0.000,0.000,0,0,0,0
210674000,0.000000,177,0.000,0.000,0,0,0,0
636015105,0.000000,46,0.000,0.000,0,0,0,0
210534000,0.000000,51,0.000,0.000,0,0,0,0
265519650,0.000000,33,0.000,0.000,0,0,0,0
211256940,0.000000,4,0.000,0.000,0,0,0,0
265546970,0.000000,17,0.000,0.000,0,0,0,0
219622000,0.000000,51,0.000,0.000,0,0,0,0
219003138,0.000000,68,0.000,0.000,0,0,0,0
538010193,0.000000,99,0.000,0.000,0,0,0,0
220329000,0.000000,36,0.000,0.000,0,0,0,0
215908000,0.000000,132,0.000,0.000,0,0,0,0
257273800,0.000000,43,0.000,0.000,0,0,0,0
211815680,0.000000,109,0.000,0.000,0,0,0,0
209671000,0.000000,62,0.000,0.000,0,0,0,0
219006971,0.000000,55,0.000,0.000,0,0,0,0
219554000,0.000000,290,0.000,0.000,0,0,0,0
219020187,0.000000,59,0.000,0.000,0,0,0,0
265755000,0.000000,28,0.000,0.000,0,0,0,0
219016759,0.000000,36,0.000,0.000,0,0,0,0
245413000,0.000000,86,0.000,0.000,0,0,0,0
219009338,0.000000,110,0.000,0.000,0,0,0,0
219001149,0.000000,71,0.000,0.000,0,0,0,0
219018044,0.000000,3,0.000,0.000,0,0,0,0
219016747,0.000000,46,0.000,0.000,0,0,0,0
230613000,0.000000,84,0.000,0.000,0,0,0,0
246854000,0.000000,38,0.000,0.000,0,0,0,0
219029706,0.000000,49,0.000,0.000,0,0,0,0
256768000,0.000000,108,0.000,0.000,0,0,0,0
219025976,0.000000,62,0.000,0.000,0,0,0,0
219837000,0.000000,50,0.000,0.000,0,0,0,0
219029684,0.000000,2,0.000,0.000,0,0,0,0
219034290,0.000000,59,0.000,0.000,0,0,0,0
248292000,0.000000,18,0.000,0.000,0,0,0,0
244750806,0.000000,90,0.000,0.000,0,0,0,0
211156800,0.000000,146,0.000,0.000,0,0,0,0
219025739,0.000000,57,0.000,0.000,0,0,0,0
211517200,0.000000,98,0.000,0.000,0,0,0,0
219461000,0.000000,42,0.000,0.000,0,0,0,0
219008544,0.000000,43,0.000,0.000,0,0,0,0
219030728,0.000000,4,0.000,0.000,0,0,0,0
219018636,0.000000,36,0.000,0.000,0,0,0,0
220304000,0.000000,106,0.000,0.000,0,0,0,0
219000407,0.000000,57,0.000,0.000,0,0,0,0
265594380,0.000000,114,0.000,0.000,0,0,0,0
244070300,0.000000,68,0.000,0.000,0,0,0,0
241281000,0.000000,71,0.000,0.000,0,0,0,0
219035374,0.000000,2,0.000,0.000,0,0,0,0
265632930,0.000000,6,0.000,0.000,0,0,0,0
219001375,0.000000,9,0.000,0.000,0,0,0,0
219006078,0.000000,4,0.000,0.000,0,0,0,0
220256000,0.000000,73,0.000,0.000,0,0,0,0
219015497,0.000000,2,0.000,0.000,0,0,0,0
211638890,0.000000,5,0.000,0.000,0,0,0,0
211469100,0.000000,7,0.000,0.000,0,0,0,0
220242000,0.000000,45,0.000,0.000,0,0,0,0
219750000,0.000000,75,0.000,0.000,0,0,0,0
232051641,0.000000,49,0.000,0.000,0,0,0,0
219000942,0.000000,27,0.000,0.000,0,0,0,0
247255400,0.000000,27,0.000,0.000,0,0,0,0
265754450,0.000000,24,0.000,0.000,0,0,0,0
220127000,0.000000,57,0.000,0.000,0,0,0,0
265695200,0.000000,34,0.000,0.000,0,0,0,0
250014194,0.000000,127,0.000,0.000,0,0,0,0
211417590,0.000000,43,0.000,0.000,0,0,0,0
265522220,0.000000,32,0.000,0.000,0,0,0,0
219002719,0.000000,11,0.000,0.000,0,0,0,0
219313000,0.000000,56,0.000,0.000,0,0,0,0
219001275,0.000000,52,0.000,0.000,0,0,0,0
219438000,0.000000,37,0.000,0.000,0,0,0,0
219222000,0.000000,93,0.000,0.000,0,0,0,0
255915984,0.000000,7,0.000,0.000,0,0,0,0
220099000,0.000000,110,0.000,0.000,0,0,0,0
219012076,0.000000,77,0.000,0.000,0,0,0,0
211302560,0.000000,172,0.000,0.000,0,0,0,0
219019008,0.000000,35,0.000,0.000,0,0,0,0
219001039,0.000000,34,0.000,0.000,0,0,0,0
249383000,0.000000,69,0.000,0.000,0,0,0,0
219001461,0.000000,44,0.000,0.000,0,0,0,0
265410000,0.000000,40,0.000,0.000,0,0,0,0
352002852,0.000000,147,0.000,0.000,0,0,0,0
219019067,0.000000,65,0.000,0.000,0,0,0,0
219024784,0.000000,54,0.000,0.000,0,0,0,0
209658000,0.000000,36,0.000,0.000,0,0,0,0
265626130,0.000000,24,0.000,0.000,0,0,0,0
304829000,0.000000,164,0.000,0.000,0,0,0,0
219016306,0.000000,24,0.000,0.000,0,0,0,0
211212830,0.000000,3,0.000,0.000,0,0,0,0
244830883,0.000000,64,0.000,0.000,0,0,0,0
211187510,0.000000,32,0.000,0.000,0,0,0,0
219019287,0.000000,1,0.000,0.000,0,0,0,0
266001000,0.000000,71,0.000,0.000,0,0,0,0
219965000,0.000000,48,0.000,0.000,0,0,0,0
219014435,0.000000,12,0.000,0.000,0,0,0,0
219021176,0.000000,60,0.000,0.000,0,0,0,0
219000742,0.000000,104,0.000,0.000,0,0,0,0
219012162,0.000000,35,0.000,0.000,0,0,0,0
219002493,0.000000,99,0.000,0.000,0,0,0,0
231164000,0.000000,60,0.000,0.000,0,0,0,0
265714460,0.000000,30,0.000,0.000,0,0,0,0
258025150,0.000000,38,0.000,0.000,0,0,0,0
232021171,0.000000,16,0.000,0.000,0,0,0,0
219031428,0.000000,91,0.000,0.000,0,0,0,0
219016585,0.000000,4,0.000,0.000,0,0,0,0
219793000,0.000000,36,0.000,0.000,0,0,0,0
219023588,0.000000,94,0.000,0.000,0,0,0,0
219011018,0.000000,57,0.000,0.000,0,0,0,0
211445640,0.000000,1,0.000,0.000,0,0,0,0
266052000,0.000000,21,0.000,0.000,0,0,0,0
211291150,0.000000,6,0.000,0.000,0,0,0,0
219000643,0.000000,74,0.000,0.000,0,0,0,0
992576421,0.000000,6,0.000,0.000,0,0,0,0
219173000,0.000000,93,0.000,0.000,0,0,0,0
244189000,0.000000,140,0.000,0.000,0,0,0,0
220352000,0.000000,22,0.000,0.000,0,0,0,0
211543450,0.000000,81,0.000,0.000,0,0,0,0
220205000,0.000000,34,0.000,0.000,0,0,0,0
211572150,0.000000,4,0.000,0.000,0,0,0,0
211212200,0.000000,1,0.000,0.000,0,0,0,0
667002335,0.000000,172,0.000,0.000,0,0,0,0
219731000,0.000000,27,0.000,0.000,0,0,0,0
265610940,0.000000,62,0.000,0.000,0,0,0,0
265012140,0.000000,6,0.000,0.000,0,0,0,0
219000733,0.000000,96,0.000,0.000,0,0,0,0
219005956,0.000000,68,0.000,0.000,0,0,0,0
230351000,0.000000,53,0.000,0.000,0,0,0,0
219002177,0.000000,142,0.000,0.000,0,0,0,0
266163000,0.000000,42,0.000,0.000,0,0,0,0
244349000,0.000000,70,0.000,0.000,0,0,0,0
305661000,0.000000,109,0.000,0.000,0,0,0,0
219016906,0.000000,88,0.000,0.000,0,0,0,0
244710047,0.000000,70,0.000,0.000,0,0,0,0
314980000,0.000000,271,0.000,0.000,0,0,0,0
244030634,0.000000,91,0.000,0.000,0,0,0,0
258709000,0.000000,86,0.000,0.000,0,0,0,0
219002838,0.000000,39,0.000,0.000,0,0,0,0
219003966,0.000000,74,0.000,0.000,0,0,0,0
219021428,0.000000,35,0.000,0.000,0,0,0,0
244780000,0.000000,33,0.000,0.000,0,0,0,0
211887350,0.000000,2,0.000,0.000,0,0,0,0
209183000,0.000000,74,0.000,0.000,0,0,0,0
219019219,0.000000,32,0.000,0.000,0,0,0,0
265779630,0.000000,32,0.000,0.000,0,0,0,0
220622000,0.000000,35,0.000,0.000,0,0,0,0
219006443,0.000000,65,0.000,0.000,0,0,0,0
265047000,0.000000,87,0.000,0.000,0,0,0,0
211433730,0.000000,3,0.000,0.000,0,0,0,0
219015833,0.000000,3,0.000,0.000,0,0,0,0
219005659,0.000000,53,0.000,0.000,0,0,0,0
219024336,0.000000,28,0.000,0.000,0,0,0,0
219017895,0.000000,58,0.000,0.000,0,0,0,0
230190310,0.000000,2,0.000,0.000,0,0,0,0
259143000,0.000000,115,0.000,0.000,0,0,0,0
219005969,0.000000,63,0.000,0.000,0,0,0,0
219063000,0.000000,59,0.000,0.000,0,0,0,0
266160000,0.000000,75,0.000,0.000,0,0,0,0
219000558,0.000000,54,0.000,0.000,0,0,0,0
219021135,0.000000,1,0.000,0.000,0,0,0,0
219010171,0.000000,4,0.000,0.000,0,0,0,0
219025535,0.000000,72,0.000,0.000,0,0,0,0
265060490,0.000000,2,0.000,0.000,0,0,0,0
219011021,0.000000,93,0.000,0.000,0,0,0,0
215627000,0.000000,3,0.000,0.000,0,0,0,0
265014570,0.000000,4,0.000,0.000,0,0,0,0
235089035,0.000000,55,0.000,0.000,0,0,0,0
211482090,0.000000,6,0.000,0.000,0,0,0,0
211120660,0.000000,1,0.000,0.000,0,0,0,0
265522230,0.000000,26,0.000,0.000,0,0,0,0
220334000,0.000000,55,0.000,0.000,0,0,0,0
232020953,0.000000,63,0.000,0.000,0,0,0,0
266319000,0.000000,26,0.000,0.000,0,0,0,0
219007705,0.000000,58,0.000,0.000,0,0,0,0
219005954,0.000000,29,0.000,0.000,0,0,0,0
219709000,0.000000,45,0.000,0.000,0,0,0,0
219023738,0.000000,62,0.000,0.000,0,0,0,0
211212840,0.000000,11,0.000,0.000,0,0,0,0
220228000,0.000000,35,0.000,0.000,0,0,0,0
219014412,0.000000,9,0.000,0.000,0,0,0,0
210174000,0.000000,105,0.000,0.000,0,0,0,0
265031000,0.000000,191,0.000,0.000,0,0,0,0
211715860,0.000000,13,0.000,0.000,0,0,0,0
220339000,0.000000,71,0.000,0.000,0,0,0,0
210332000,0.000000,18,0.000,0.000,0,0,0,0
211307740,0.000000,1,0.000,0.000,0,0,0,0
255806224,0.000000,30,0.000,0.000,0,0,0,0
219004562,0.000000,1,0.000,0.000,0,0,0,0
219025430,0.000000,7,0.000,0.000,0,0,0,0
636025005,0.000000,86,0.000,0.000,0,0,0,0
992651067,0.000000,38,0.000,0.000,0,0,0,0
210731000,0.000000,187,0.000,0.000,0,0,0,0
211789170,0.000000,60,0.000,0.000,0,0,0,0
219000804,0.000000,173,0.000,0.000,0,0,0,0
219002686,0.000000,50,0.000,0.000,0,0,0,0
219296000,0.000000,6,0.000,0.000,0,0,0,0
563049000,0.000000,64,0.000,0.000,0,0,0,0
211624750,0.000000,38,0.000,0.000,0,0,0,0
220000054,0.000000,59,0.000,0.000,0,0,0,0
219034345,0.000000,35,0.000,0.000,0,0,0,0
265726230,0.000000,31,0.000,0.000,0,0,0,0
219017412,0.000000,2,0.000,0.000,0,0,0,0
211395280,0.000000,4,0.000,0.000,0,0,0,0
219015595,0.000000,10,0.000,0.000,0,0,0,0
266212000,0.000000,126,0.000,0.000,0,0,0,0
265714480,0.000000,13,0.000,0.000,0,0,0,0
219152899,0.000000,37,0.000,0.000,0,0,0,0
230693000,0.000000,44,0.000,0.000,0,0,0,0
219796000,0.000000,62,0.000,0.000,0,0,0,0
219004473,0.000000,35,0.000,0.000,0,0,0,0
244335000,0.000000,3,0.000,0.000,0,0,0,0
538004034,0.000000,139,0.000,0.000,0,0,0,0
219002801,0.000000,30,0.000,0.000,0,0,0,0
219017784,0.000000,31,0.000,0.000,0,0,0,0
219016938,0.000000,226,0.000,0.000,0,0,0,0
229678000,0.000000,12,0.000,0.000,0,0,0,0
219024689,0.000000,3,0.000,0.000,0,0,0,0
563167500,0.000000,323,0.000,0.000,0,0,0,0
205520000,0.000000,31,0.000,0.000,0,0,0,0
219025740,0.000000,39,0.000,0.000,0,0,0,0
219002416,0.000000,59,0.000,0.000,0,0,0,0
220053927,0.000000,36,0.000,0.000,0,0,0,0
211817600,0.000000,18,0.000,0.000,0,0,0,0
277583000,0.000000,46,0.000,0.000,0,0,0,0
211478330,0.000000,15,0.000,0.000,0,0,0,0
613702110,0.000000,35,0.000,0.000,0,0,0,0
538011137,0.000000,89,0.000,0.000,0,0,0,0
245489000,0.000000,129,0.000,0.000,0,0,0,0
219786000,0.000000,37,0.000,0.000,0,0,0,0
265541980,0.000000,1,0.000,0.000,0,0,0,0
211152150,0.000000,40,0.000,0.000,0,0,0,0
257254000,0.000000,36,0.000,0.000,0,0,0,0
219872000,0.000000,74,0.000,0.000,0,0,0,0
258110570,0.000000,39,0.000,0.000,0,0,0,0
219005068,0.000000,226,0.000,0.000,0,0,0,0
265004270,0.000000,4,0.000,0.000,0,0,0,0
219001262,0.000000,80,0.000,0.000,0,0,0,0
219015233,0.000000,8,0.000,0.000,0,0,0,0
218018200,0.000000,1,0.000,0.000,0,0,0,0
636024649,0.000000,6,0.000,0.000,0,0,0,0
211393390,0.000000,95,0.000,0.000,0,0,0,0
227169240,0.000000,6,0.000,0.000,0,0,0,0
636021080,0.000000,126,0.000,0.000,0,0,0,0
219001182,0.000000,45,0.000,0.000,0,0,0,0
826500458,0.000000,4,0.000,0.000,0,0,0,0
992651012,0.000000,5,0.000,0.000,0,0,0,0
219031178,0.000000,6,0.000,0.000,0,0,0,0
311000933,0.000000,82,0.000,0.000,0,0,0,0
219015338,0.000000,6,0.000,0.000,0,0,0,0
563170800,0.000000,34,0.000,0.000,0,0,0,0
219000333,0.000000,4,0.000,0.000,0,0,0,0
219028622,0.000000,8,0.000,0.000,0,0,0,0
992651014,0.000000,5,0.000,0.000,0,0,0,0
232046826,0.000000,22,0.000,0.000,0,0,0,0
304783000,0.000000,63,0.000,0.000,0,0,0,0
244870420,0.000000,47,0.000,0.000,0,0,0,0
219019921,0.000000,16,0.000,0.000,0,0,0,0
209732000,0.000000,37,0.000,0.000,0,0,0,0
992651013,0.000000,2,0.000,0.000,0,0,0,0
212878000,0.000000,82,0.000,0.000,0,0,0,0
220076000,0.000000,62,0.000,0.000,0,0,0,0
211442300,0.000000,3,0.000,0.000,0,0,0,0
265779320,0.000000,3,0.000,0.000,0,0,0,0
219029444,0.000000,5,0.000,0.000,0,0,0,0
538004785,0.000000,202,0.000,0.000,0,0,0,0
219029177,0.000000,2,0.000,0.000,0,0,0,0
219921000,0.000000,67,0.000,0.000,0,0,0,0
275539000,0.000000,56,0.000,0.000,0,0,0,0
265604560,0.000000,10,0.000,0.000,0,0,0,0
266199000,0.000000,19,0.000,0.000,0,0,0,0
211689730,0.000000,7,0.000,0.000,0,0,0,0
219026749,0.000000,3,0.000,0.000,0,0,0,0
219024976,0.000000,8,0.000,0.000,0,0,0,0
341303002,0.000000,143,0.000,0.000,0,0,0,0
565843000,0.000000,13,0.000,0.000,0,0,0,0
219020802,0.000000,2,0.000,0.000,0,0,0,0
245122000,0.000000,45,0.000,0.000,0,0,0,0
219026391,0.000000,3,0.000,0.000,0,0,0,0
211806620,0.000000,24,0.000,0.000,0,0,0,0
218041380,0.000000,34,0.000,0.000,0,0,0,0
477148700,0.000000,21,0.000,0.000,0,0,0,0
211440340,0.000000,10,0.000,0.000,0,0,0,0
219017349,0.000000,2,0.000,0.000,0,0,0,0
265058540,0.000000,6,0.000,0.000,0,0,0,0
331208000,0.000000,5,0.000,0.000,0,0,0,0
219033285,0.000000,2,0.000,0.000,0,0,0,0
219001362,0.000000,46,0.000,0.000,0,0,0,0
266169000,0.000000,48,0.000,0.000,0,0,0,0
219024168,0.000000,6,0.000,0.000,0,0,0,0
219213000,0.000000,5,0.000,0.000,0,0,0,0
246946000,0.000000,2,0.000,0.000,0,0,0,0
265696090,0.000000,19,0.000,0.000,0,0,0,0
219019441,0.000000,4,0.000,0.000,0,0,0,0
219025125,0.000000,3,0.000,0.000,0,0,0,0
235869999,0.000000,2,0.000,0.000,0,0,0,0
265422000,0.000000,10,0.000,0.000,0,0,0,0
219026170,0.000000,5,0.000,0.000,0,0,0,0
219002637,0.000000,7,0.000,0.000,0,0,0,0
219028021,0.000000,18,0.000,0.000,0,0,0,0
211695250,0.000000,50,0.000,0.000,0,0,0,0
205787000,0.000000,35,0.000,0.000,0,0,0,0
211221870,0.000000,3,0.000,0.000,0,0,0,0
219013485,0.000000,37,0.000,0.000,0,0,0,0
211495780,0.000000,4,0.000,0.000,0,0,0,0
109080297,0.000000,25,0.000,0.000,0,0,0,0
211293880,0.000000,24,0.000,0.000,0,0,0,0
249500000,0.000000,41,0.000,0.000,0,0,0,0
211432790,0.000000,27,0.000,0.000,0,0,0,0
211688810,0.000000,2,0.000,0.000,0,0,0,0
211269150,0.000000,19,0.000,0.000,0,0,0,0
205354370,0.000000,6,0.000,0.000,0,0,0,0
265826580,0.000000,2,0.000,0.000,0,0,0,0
219010747,0.000000,143,0.000,0.000,0,0,0,0
219002786,0.000000,29,0.000,0.000,0,0,0,0
219008659,0.000000,4,0.000,0.000,0,0,0,0
211782080,0.000000,6,0.000,0.000,0,0,0,0
261003890,0.000000,28,0.000,0.000,0,0,0,0
261006322,0.000000,17,0.000,0.000,0,0,0,0
220278000,0.000000,80,0.000,0.000,0,0,0,0
211543850,0.000000,46,0.000,0.000,0,0,0,0
219000174,0.000000,4,0.000,0.000,0,0,0,0
219026015,0.000000,3,0.000,0.000,0,0,0,0
265051120,0.000000,9,0.000,0.000,0,0,0,0
219030082,0.000000,1,0.000,0.000,0,0,0,0
538010710,0.000000,146,0.000,0.000,0,0,0,0
261061070,0.000000,8,0.000,0.000,0,0,0,0
211187700,0.000000,7,0.000,0.000,0,0,0,0
265582600,0.000000,18,0.000,0.000,0,0,0,0
244106000,0.000000,30,0.000,0.000,0,0,0,0
352583000,0.000000,210,0.000,0.000,0,0,0,0
211743760,0.000000,2,0.000,0.000,0,0,0,0
211149370,0.000000,2,0.000,0.000,0,0,0,0
211876000,0.000000,13,0.000,0.000,0,0,0,0
211641190,0.000000,1,0.000,0.000,0,0,0,0
245046000,0.000000,8,0.000,0.000,0,0,0,0
355931000,0.000000,47,0.000,0.000,0,0,0,0
219004043,0.000000,19,0.000,0.000,0,0,0,0
265814190,0.000000,3,0.000,0.000,0,0,0,0
218000100,0.000000,17,0.000,0.000,0,0,0,0
211553630,0.000000,1,0.000,0.000,0,0,0,0
314654000,0.000000,96,0.000,0.000,0,0,0,0
211190370,0.000000,4,0.000,0.000,0,0,0,0
304482000,0.000000,2,0.000,0.000,0,0,0,0
219022736,0.000000,1,0.000,0.000,0,0,0,0
266128000,0.000000,11,0.000,0.000,0,0,0,0
538004890,0.000000,30,0.000,0.000,0,0,0,0
265593190,0.000000,31,0.000,0.000,0,0,0,0
219029704,0.000000,18,0.000,0.000,0,0,0,0
219019933,0.000000,75,0.000,0.000,0,0,0,0
247489200,0.000000,24,0.000,0.000,0,0,0,0
265519640,0.000000,24,0.000,0.000,0,0,0,0
211126280,0.000000,6,0.000,0.000,0,0,0,0
265029700,0.000000,1,0.000,0.000,0,0,0,0
265762710,0.000000,8,0.000,0.000,0,0,0,0
211769070,0.000000,41,0.000,0.000,0,0,0,0
219012404,0.000000,8,0.000,0.000,0,0,0,0
211226140,0.000000,65,0.000,0.000,0,0,0,0
219023833,0.000000,98,0.000,0.000,0,0,0,0
219025099,0.000000,2,0.000,0.000,0,0,0,0
265068750,0.000000,1,0.000,0.000,0,0,0,0
219007641,0.000000,1,0.000,0.000,0,0,0,0
219021235,0.000000,61,0.000,0.000,0,0,0,0
211789900,0.000000,3,0.000,0.000,0,0,0,0
257769000,0.000000,18,0.000,0.000,0,0,0,0
211650560,0.000000,8,0.000,0.000,0,0,0,0
211789180,0.000000,3,0.000,0.000,0,0,0,0
219032859,0.000000,19,0.000,0.000,0,0,0,0
266150000,0.000000,11,0.000,0.000,0,0,0,0
211464070,0.000000,11,0.000,0.000,0,0,0,0
304936000,0.000000,69,0.000,0.000,0,0,0,0
265650970,0.000000,13,0.000,0.000,0,0,0,0
219030314,0.000000,2,0.000,0.000,0,0,0,0
219001306,0.000000,2,0.000,0.000,0,0,0,0
219012683,0.000000,4,0.000,0.000,0,0,0,0
211354770,0.000000,9,0.000,0.000,0,0,0,0
265707260,0.000000,1,0.000,0.000,0,0,0,0
211325510,0.000000,43,0.000,0.000,0,0,0,0
219000127,0.000000,8,0.000,0.000,0,0,0,0
265012560,0.000000,23,0.000,0.000,0,0,0,0
246084000,0.000000,27,0.000,0.000,0,0,0,0
219011224,0.000000,2,0.000,0.000,0,0,0,0
219021209,0.000000,4,0.000,0.000,0,0,0,0
265621060,0.000000,15,0.000,0.000,0,0,0,0
211828890,0.000000,4,0.000,0.000,0,0,0,0
219007269,0.000000,2,0.000,0.000,0,0,0,0
219001514,0.000000,39,0.000,0.000,0,0,0,0
211365250,0.000000,3,0.000,0.000,0,0,0,0
219002565,0.000000,33,0.000,0.000,0,0,0,0
219032932,0.000000,38,0.000,0.000,0,0,0,0
275041200,0.000000,6,0.000,0.000,0,0,0,0
219011953,0.000000,2,0.000,0.000,0,0,0,0
219002769,0.000000,10,0.000,0.000,0,0,0,0
219001518,0.000000,54,0.000,0.000,0,0,0,0
211183900,0.000000,1,0.000,0.000,0,0,0,0
219000167,0.000000,43,0.000,0.000,0,0,0,0
305203000,0.000000,48,0.000,0.000,0,0,0,0
219026490,0.000000,54,0.000,0.000,0,0,0,0
219029233,0.000000,28,0.000,0.000,0,0,0,0
219030190,0.000000,2,0.000,0.000,0,0,0,0
261007860,0.000000,8,0.000,0.000,0,0,0,0
211565880,0.000000,11,0.000,0.000,0,0,0,0
265632510,0.000000,1,0.000,0.000,0,0,0,0
232059988,0.000000,4,0.000,0.000,0,0,0,0
245399000,0.000000,75,0.000,0.000,0,0,0,0
211487780,0.000000,5,0.000,0.000,0,0,0,0
219013866,0.000000,2,0.000,0.000,0,0,0,0
992191517,0.000000,3,0.000,0.000,0,0,0,0
231336000,0.000000,69,0.000,0.000,0,0,0,0
308924000,0.000000,135,0.000,0.000,0,0,0,0
219005878,0.000000,11,0.000,0.000,0,0,0,0
211138640,0.000000,1,0.000,0.000,0,0,0,0
218013260,0.000000,14,0.000,0.000,0,0,0,0
219034836,0.000000,1,0.000,0.000,0,0,0,0
211445190,0.000000,18,0.000,0.000,0,0,0,0
219007155,0.000000,36,0.000,0.000,0,0,0,0
265516080,0.000000,2,0.000,0.000,0,0,0,0
219001063,0.000000,2,0.000,0.000,0,0,0,0
219002707,0.000000,2,0.000,0.000,0,0,0,0
636015410,0.000000,51,0.000,0.000,0,0,0,0
219024783,0.000000,48,0.000,0.000,0,0,0,0
265016650,0.000000,6,0.000,0.000,0,0,0,0
211503410,0.000000,3,0.000,0.000,0,0,0,0
219026604,0.000000,2,0.000,0.000,0,0,0,0
265719650,0.000000,3,0.000,0.000,0,0,0,0
219024411,0.000000,16,0.000,0.000,0,0,0,0
219007027,0.000000,69,0.000,0.000,0,0,0,0
219007577,0.000000,2,0.000,0.000,0,0,0,0
261004058,0.000000,6,0.000,0.000,0,0,0,0
211227530,0.000000,13,0.000,0.000,0,0,0,0
211141660,0.000000,2,0.000,0.000,0,0,0,0
219029197,0.000000,8,0.000,0.000,0,0,0,0
219034873,0.000000,4,0.000,0.000,0,0,0,0
265070000,0.000000,2,0.000,0.000,0,0,0,0
211749880,0.000000,44,0.000,0.000,0,0,0,0
261032010,0.000000,3,0.000,0.000,0,0,0,0
219000003,0.000000,4,0.000,0.000,0,0,0,0
265812160,0.000000,20,0.000,0.000,0,0,0,0
211204980,0.000000,50,0.000,0.000,0,0,0,0
261006730,0.000000,21,0.000,0.000,0,0,0,0
219032276,0.000000,8,0.000,0.000,0,0,0,0
211215700,0.000000,1,0.000,0.000,0,0,0,0
219026489,0.000000,22,0.000,0.000,0,0,0,0
219000934,0.000000,4,0.000,0.000,0,0,0,0
265822940,0.000000,2,0.000,0.000,0,0,0,0
209313000,0.000000,162,0.000,0.000,0,0,0,0
265579090,0.000000,14,0.000,0.000,0,0,0,0
219026591,0.000000,2,0.000,0.000,0,0,0,0
265681420,0.000000,21,0.000,0.000,0,0,0,0
218805000,0.000000,35,0.000,0.000,0,0,0,0
219021844,0.000000,1,0.000,0.000,0,0,0,0
219025221,0.000000,59,0.000,0.000,0,0,0,0
211464460,0.000000,3,0.000,0.000,0,0,0,0
219026261,0.000000,8,0.000,0.000,0,0,0,0
265514800,0.000000,32,0.000,0.000,0,0,0,0
220466000,0.000000,92,0.000,0.000,0,0,0,0
265007070,0.000000,5,0.000,0.000,0,0,0,0
219031080,0.000000,4,0.000,0.000,0,0,0,0
265797830,0.000000,18,0.000,0.000,0,0,0,0
211650380,0.000000,1,0.000,0.000,0,0,0,0
266247000,0.000000,45,0.000,0.000,0,0,0,0
219026533,0.000000,4,0.000,0.000,0,0,0,0
211420790,0.000000,1,0.000,0.000,0,0,0,0
219030178,0.000000,10,0.000,0.000,0,0,0,0
219022502,0.000000,4,0.000,0.000,0,0,0,0
211818140,0.000000,8,0.000,0.000,0,0,0,0
219021244,0.000000,42,0.000,0.000,0,0,0,0
219015715,0.000000,6,0.000,0.000,0,0,0,0
353674000,0.000000,37,0.000,0.000,0,0,0,0
219002732,0.000000,44,0.000,0.000,0,0,0,0
211565400,0.000000,19,0.000,0.000,0,0,0,0
258715000,0.000000,19,0.000,0.000,0,0,0,0
219022389,0.000000,2,0.000,0.000,0,0,0,0
219007462,0.000000,2,0.000,0.000,0,0,0,0
261008020,0.000000,46,0.000,0.000,0,0,0,0
211618760,0.000000,3,0.000,0.000,0,0,0,0
219012509,0.000000,53,0.000,0.000,0,0,0,0
219005496,0.000000,32,0.000,0.000,0,0,0,0
219023664,0.000000,34,0.000,0.000,0,0,0,0
211587400,0.000000,6,0.000,0.000,0,0,0,0
219005866,0.000000,18,0.000,0.000,0,0,0,0
261003012,0.000000,33,0.000,0.000,0,0,0,0
265821600,0.000000,23,0.000,0.000,0,0,0,0
219021146,0.000000,3,0.000,0.000,0,0,0,0
219031886,0.000000,2,0.000,0.000,0,0,0,0
265595430,0.000000,9,0.000,0.000,0,0,0,0
211537340,0.000000,41,0.000,0.000,0,0,0,0
211222350,0.000000,76,0.000,0.000,0,0,0,0
219030342,0.000000,6,0.000,0.000,0,0,0,0
265818860,0.000000,2,0.000,0.000,0,0,0,0
636015104,0.000000,57,0.000,0.000,0,0,0,0
265589630,0.000000,4,0.000,0.000,0,0,0,0
265049910,0.000000,8,0.000,0.000,0,0,0,0
219033720,0.000000,3,0.000,0.000,0,0,0,0
265610950,0.000000,48,0.000,0.000,0,0,0,0
265781000,0.000000,31,0.000,0.000,0,0,0,0
261004881,0.000000,29,0.000,0.000,0,0,0,0
219032441,0.000000,3,0.000,0.000,0,0,0,0
261287000,0.000000,15,0.000,0.000,0,0,0,0
219022165,0.000000,192,0.000,0.000,0,0,0,0
211107870,0.000000,12,0.000,0.000,0,0,0,0
219010751,0.000000,2,0.000,0.000,0,0,0,0
219031429,0.000000,5,0.000,0.000,0,0,0,0
211212790,0.000000,2,0.000,0.000,0,0,0,0
265277000,0.000000,2,0.000,0.000,0,0,0,0
244901000,0.000000,140,0.000,0.000,0,0,0,0
219027178,0.000000,1,0.000,0.000,0,0,0,0
219000895,0.000000,52,0.000,0.000,0,0,0,0
219008292,0.000000,7,0.000,0.000,0,0,0,0
212797000,0.000000,7,0.000,0.000,0,0,0,0
219023055,0.000000,9,0.000,0.000,0,0,0,0
219002856,0.000000,6,0.000,0.000,0,0,0,0
219025068,0.000000,15,0.000,0.000,0,0,0,0
211534760,0.000000,47,0.000,0.000,0,0,0,0
311001649,0.000000,4,0.000,0.000,0,0,0,0
211699020,0.000000,3,0.000,0.000,0,0,0,0
265610380,0.000000,1,0.000,0.000,0,0,0,0
219016692,0.000000,2,0.000,0.000,0,0,0,0
219029700,0.000000,26,0.000,0.000,0,0,0,0
265802600,0.000000,2,0.000,0.000,0,0,0,0
261003710,0.000000,6,0.000,0.000,0,0,0,0
246457000,0.000000,2,0.000,0.000,0,0,0,0
265049590,0.000000,4,0.000,0.000,0,0,0,0
219015153,0.000000,11,0.000,0.000,0,0,0,0
219000183,0.000000,108,0.000,0.000,0,0,0,0
211240870,0.000000,2,0.000,0.000,0,0,0,0
265830360,0.000000,3,0.000,0.000,0,0,0,0
219011074,0.000000,46,0.000,0.000,0,0,0,0
219016547,0.000000,1,0.000,0.000,0,0,0,0
218601000,0.000000,111,0.000,0.000,0,0,0,0
265531270,0.000000,2,0.000,0.000,0,0,0,0
265794430,0.000000,2,0.000,0.000,0,0,0,0
245121000,0.000000,23,0.000,0.000,0,0,0,0
219027576,0.000000,1,0.000,0.000,0,0,0,0
265527920,0.000000,16,0.000,0.000,0,0,0,0
211216570,0.000000,32,0.000,0.000,0,0,0,0
664444000,0.000000,4,0.000,0.000,0,0,0,0
246843000,0.000000,4,0.000,0.000,0,0,0,0
218031620,0.000000,9,0.000,0.000,0,0,0,0
246337000,0.000000,65,0.000,0.000,0,0,0,0
211317300,0.000000,2,0.000,0.000,0,0,0,0
219013976,0.000000,5,0.000,0.000,0,0,0,0
219022265,0.000000,7,0.000,0.000,0,0,0,0
235075591,0.000000,1,0.000,0.000,0,0,0,0
211169660,0.000000,29,0.000,0.000,0,0,0,0
219001849,0.000000,2,0.000,0.000,0,0,0,0
219021191,0.000000,4,0.000,0.000,0,0,0,0
305691000,0.000000,11,0.000,0.000,0,0,0,0
219015756,0.000000,4,0.000,0.000,0,0,0,0
235116828,0.000000,10,0.000,0.000,0,0,0,0
211872590,0.000000,4,0.000,0.000,0,0,0,0
211815950,0.000000,1,0.000,0.000,0,0,0,0
231807000,0.000000,9,0.000,0.000,0,0,0,0
219029367,0.000000,1,0.000,0.000,0,0,0,0
249387000,0.000000,21,0.000,0.000,0,0,0,0
211554430,0.000000,7,0.000,0.000,0,0,0,0
211672870,0.000000,19,0.000,0.000,0,0,0,0
219005385,0.000000,2,0.000,0.000,0,0,0,0
211868460,0.000000,1,0.000,0.000,0,0,0,0
211800420,0.000000,64,0.000,0.000,0,0,0,0
219022786,0.000000,4,0.000,0.000,0,0,0,0
215801000,0.000000,19,0.000,0.000,0,0,0,0
219001218,0.000000,78,0.000,0.000,0,0,0,0
211629870,0.000000,24,0.000,0.000,0,0,0,0
265580000,0.000000,1,0.000,0.000,0,0,0,0
265028000,0.000000,19,0.000,0.000,0,0,0,0
211224430,0.000000,36,0.000,0.000,0,0,0,0
211598280,0.000000,5,0.000,0.000,0,0,0,0
219016663,0.000000,5,0.000,0.000,0,0,0,0
219022076,0.000000,5,0.000,0.000,0,0,0,0
266397000,0.000000,3,0.000,0.000,0,0,0,0
218054190,0.000000,3,0.000,0.000,0,0,0,0
253000079,0.000000,2,0.000,0.000,0,0,0,0
219002761,0.000000,2,0.000,0.000,0,0,0,0
219025377,0.000000,3,0.000,0.000,0,0,0,0
219001265,0.000000,11,0.000,0.000,0,0,0,0
219016145,0.000000,5,0.000,0.000,0,0,0,0
218172000,0.000000,13,0.000,0.000,0,0,0,0
219005921,0.000000,24,0.000,0.000,0,0,0,0
211349110,0.000000,1,0.000,0.000,0,0,0,0
210095000,0.000000,34,0.000,0.000,0,0,0,0
219015321,0.000000,10,0.000,0.000,0,0,0,0
219003692,0.000000,4,0.000,0.000,0,0,0,0
266475000,0.000000,18,0.000,0.000,0,0,0,0
244015024,0.000000,6,0.000,0.000,0,0,0,0
219005574,0.000000,2,0.000,0.000,0,0,0,0
219022560,0.000000,3,0.000,0.000,0,0,0,0
211686000,0.000000,4,0.000,0.000,0,0,0,0
209453000,0.000000,2,0.000,0.000,0,0,0,0
220383000,0.000000,3,0.000,0.000,0,0,0,0
219029707,0.000000,16,0.000,0.000,0,0,0,0
220018000,0.000000,14,0.000,0.000,0,0,0,0
211445220,0.000000,2,0.000,0.000,0,0,0,0
265507770,0.000000,8,0.000,0.000,0,0,0,0
266348000,0.000000,24,0.000,0.000,0,0,0,0
219003826,0.000000,7,0.000,0.000,0,0,0,0
219026672,0.000000,1,0.000,0.000,0,0,0,0
261284000,0.000000,8,0.000,0.000,0,0,0,0
304953000,0.000000,9,0.000,0.000,0,0,0,0
220259000,0.000000,5,0.000,0.000,0,0,0,0
219032811,0.000000,10,0.000,0.000,0,0,0,0
250004765,0.000000,4,0.000,0.000,0,0,0,0
219021557,0.000000,7,0.000,0.000,0,0,0,0
211548430,0.000000,16,0.000,0.000,0,0,0,0
261002080,0.000000,2,0.000,0.000,0,0,0,0
211694040,0.000000,2,0.000,0.000,0,0,0,0
219017288,0.000000,1,0.000,0.000,0,0,0,0
219032602,0.000000,3,0.000,0.000,0,0,0,0
266626800,0.000000,2,0.000,0.000,0,0,0,0
219005904,0.000000,24,0.000,0.000,0,0,0,0
219018246,0.000000,13,0.000,0.000,0,0,0,0
265745130,0.000000,2,0.000,0.000,0,0,0,0
265523240,0.000000,17,0.000,0.000,0,0,0,0
219032344,0.000000,2,0.000,0.000,0,0,0,0
268249201,0.000000,1,0.000,0.000,0,0,0,0
211549160,0.000000,5,0.000,0.000,0,0,0,0
219015003,0.000000,4,0.000,0.000,0,0,0,0
219005893,0.000000,1,0.000,0.000,0,0,0,0
211567960,0.000000,5,0.000,0.000,0,0,0,0
219024687,0.000000,3,0.000,0.000,0,0,0,0
636022505,0.000000,3,0.000,0.000,0,0,0,0
211245130,0.000000,1,0.000,0.000,0,0,0,0
211148900,0.000000,12,0.000,0.000,0,0,0,0
211526320,0.000000,5,0.000,0.000,0,0,0,0
211465270,0.000000,1,0.000,0.000,0,0,0,0
211105830,0.000000,4,0.000,0.000,0,0,0,0
265001160,0.000000,2,0.000,0.000,0,0,0,0
211565000,0.000000,23,0.000,0.000,0,0,0,0
265768850,0.000000,15,0.000,0.000,0,0,0,0
219033402,0.000000,2,0.000,0.000,0,0,0,0
219031016,0.000000,2,0.000,0.000,0,0,0,0
265663280,0.000000,14,0.000,0.000,0,0,0,0
232058992,0.000000,18,0.000,0.000,0,0,0,0
219551000,0.000000,9,0.000,0.000,0,0,0,0
245070000,0.000000,10,0.000,0.000,0,0,0,0
374588000,0.000000,19,0.000,0.000,0,0,0,0
219014293,0.000000,1,0.000,0.000,0,0,0,0
265058710,0.000000,3,0.000,0.000,0,0,0,0
211157130,0.000000,7,0.000,0.000,0,0,0,0
257504980,0.000000,2,0.000,0.000,0,0,0,0
219020885,0.000000,2,0.000,0.000,0,0,0,0
538005405,0.000000,5,0.000,0.000,0,0,0,0
219025188,0.000000,2,0.000,0.000,0,0,0,0
211516210,0.000000,17,0.000,0.000,0,0,0,0
341412000,0.000000,10,0.000,0.000,0,0,0,0
219000762,0.000000,1,0.000,0.000,0,0,0,0
211232340,0.000000,4,0.000,0.000,0,0,0,0
265031100,0.000000,31,0.000,0.000,0,0,0,0
265636750,0.000000,12,0.000,0.000,0,0,0,0
265766740,0.000000,2,0.000,0.000,0,0,0,0
219023274,0.000000,22,0.000,0.000,0,0,0,0
219025637,0.000000,4,0.000,0.000,0,0,0,0
219026467,0.000000,6,0.000,0.000,0,0,0,0
219007414,0.000000,4,0.000,0.000,0,0,0,0
261020790,0.000000,18,0.000,0.000,0,0,0,0
219002066,0.000000,5,0.000,0.000,0,0,0,0
304853000,0.000000,2,0.000,0.000,0,0,0,0
231300000,0.000000,17,0.000,0.000,0,0,0,0
219029247,0.000000,3,0.000,0.000,0,0,0,0
219034623,0.000000,3,0.000,0.000,0,0,0,0
219029906,0.000000,8,0.000,0.000,0,0,0,0
265550930,0.000000,2,0.000,0.000,0,0,0,0
209867000,0.000000,23,0.000,0.000,0,0,0,0
211757540,0.000000,8,0.000,0.000,0,0,0,0
259237000,0.000000,4,0.000,0.000,0,0,0,0
211122690,0.000000,3,0.000,0.000,0,0,0,0
219031860,0.000000,2,0.000,0.000,0,0,0,0
219033483,0.000000,8,0.000,0.000,0,0,0,0
219031052,0.000000,1,0.000,0.000,0,0,0,0
219025783,0.000000,22,0.000,0.000,0,0,0,0
219026004,0.000000,3,0.000,0.000,0,0,0,0
992651066,0.000000,27,0.000,0.000,0,0,0,0
219019152,0.000000,6,0.000,0.000,0,0,0,0
219026182,0.000000,6,0.000,0.000,0,0,0,0
246262000,0.000000,35,0.000,0.000,0,0,0,0
246878000,0.000000,57,0.000,0.000,0,0,0,0
219007678,0.000000,5,0.000,0.000,0,0,0,0
211740090,0.000000,1,0.000,0.000,0,0,0,0
261005465,0.000000,2,0.000,0.000,0,0,0,0
265504690,0.000000,53,0.000,0.000,0,0,0,0
219014851,0.000000,11,0.000,0.000,0,0,0,0
265781890,0.000000,12,0.000,0.000,0,0,0,0
218014240,0.000000,1,0.000,0.000,0,0,0,0
244830182,0.000000,3,0.000,0.000,0,0,0,0
219020450,0.000000,4,0.000,0.000,0,0,0,0
210069000,0.000000,29,0.000,0.000,0,0,0,0
219013667,0.000000,11,0.000,0.000,0,0,0,0
219486363,0.000000,16,0.000,0.000,0,0,0,0
220092000,0.000000,1,0.000,0.000,0,0,0,0
211797460,0.000000,40,0.000,0.000,0,0,0,0
211182640,0.000000,5,0.000,0.000,0,0,0,0
232003472,0.000000,7,0.000,0.000,0,0,0,0
220114000,0.000000,2,0.000,0.000,0,0,0,0
219016194,0.000000,4,0.000,0.000,0,0,0,0
219022124,0.000000,2,0.000,0.000,0,0,0,0
245115000,0.000000,1,0.000,0.000,0,0,0,0
265039090,0.000000,5,0.000,0.000,0,0,0,0
265628870,0.000000,2,0.000,0.000,0,0,0,0
265044960,0.000000,44,0.000,0.000,0,0,0,0
219002339,0.000000,4,0.000,0.000,0,0,0,0
992651019,0.000000,26,0.000,0.000,0,0,0,0
211638130,0.000000,1,0.000,0.000,0,0,0,0
219000128,0.000000,6,0.000,0.000,0,0,0,0
219018728,0.000000,3,0.000,0.000,0,0,0,0
265768650,0.000000,3,0.000,0.000,0,0,0,0
219022326,0.000000,6,0.000,0.000,0,0,0,0
219007103,0.000000,2,0.000,0.000,0,0,0,0
232025009,0.000000,17,0.000,0.000,0,0,0,0
219002695,0.000000,3,0.000,0.000,0,0,0,0
219031567,0.000000,2,0.000,0.000,0,0,0,0
305714000,0.000000,2,0.000,0.000,0,0,0,0
209543000,0.000000,7,0.000,0.000,0,0,0,0
219022282,0.000000,4,0.000,0.000,0,0,0,0
218024690,0.000000,6,0.000,0.000,0,0,0,0
219014692,0.000000,6,0.000,0.000,0,0,0,0
211424030,0.000000,2,0.000,0.000,0,0,0,0
265960000,0.000000,5,0.000,0.000,0,0,0,0
218039730,0.000000,4,0.000,0.000,0,0,0,0
219997000,0.000000,5,0.000,0.000,0,0,0,0
211258290,0.000000,2,0.000,0.000,0,0,0,0
259725000,0.000000,6,0.000,0.000,0,0,0,0
261493000,0.000000,18,0.000,0.000,0,0,0,0
219035052,0.000000,3,0.000,0.000,0,0,0,0
354540000,0.000000,9,0.000,0.000,0,0,0,0
220520000,0.000000,15,0.000,0.000,0,0,0,0
219009253,0.000000,4,0.000,0.000,0,0,0,0
219004355,0.000000,2,0.000,0.000,0,0,0,0
219003378,0.000000,1,0.000,0.000,0,0,0,0
211264670,0.000000,2,0.000,0.000,0,0,0,0
244569000,0.000000,3,0.000,0.000,0,0,0,0
211134130,0.000000,1,0.000,0.000,0,0,0,0
219007884,0.000000,4,0.000,0.000,0,0,0,0
219018998,0.000000,3,0.000,0.000,0,0,0,0
219026024,0.000000,3,0.000,0.000,0,0,0,0
246440000,0.000000,10,0.000,0.000,0,0,0,0
218084000,0.000000,17,0.000,0.000,0,0,0,0
211815800,0.000000,2,0.000,0.000,0,0,0,0
265774410,0.000000,1,0.000,0.000,0,0,0,0
265318000,0.000000,6,0.000,0.000,0,0,0,0
211814470,0.000000,16,0.000,0.000,0,0,0,0
219344000,0.000000,4,0.000,0.000,0,0,0,0
636018682,0.000000,14,0.000,0.000,0,0,0,0
992651027,0.000000,15,0.000,0.000,0,0,0,0
211493380,0.000000,3,0.000,0.000,0,0,0,0
211840480,0.000000,1,0.000,0.000,0,0,0,0
219022407,0.000000,1,0.000,0.000,0,0,0,0
211594530,0.000000,20,0.000,0.000,0,0,0,0
219030199,0.000000,7,0.000,0.000,0,0,0,0
265680370,0.000000,2,0.000,0.000,0,0,0,0
230601000,0.000000,5,0.000,0.000,0,0,0,0
219033884,0.000000,3,0.000,0.000,0,0,0,0
211797280,0.000000,7,0.000,0.000,0,0,0,0
210552000,0.000000,6,0.000,0.000,0,0,0,0
211193450,0.000000,5,0.000,0.000,0,0,0,0
992111840,0.000000,9,0.000,0.000,0,0,0,0
992111923,0.000000,5,0.000,0.000,0,0,0,0
992111924,0.000000,4,0.000,0.000,0,0,0,0
211225390,0.000000,10,0.000,0.000,0,0,0,0
211547760,0.000000,10,0.000,0.000,0,0,0,0
265771450,0.000000,7,0.000,0.000,0,0,0,0
311000391,0.000000,4,0.000,0.000,0,0,0,0
265069300,0.000000,3,0.000,0.000,0,0,0,0
219015164,0.000000,4,0.000,0.000,0,0,0,0
538010499,0.000000,2,0.000,0.000,0,0,0,0
992111841,0.000000,8,0.000,0.000,0,0,0,0
277523000,0.000000,33,0.000,0.000,0,0,0,0
219849000,0.000000,20,0.000,0.000,0,0,0,0
219005662,0.000000,4,0.000,0.000,0,0,0,0
247266600,0.000000,6,0.000,0.000,0,0,0,0
211415840,0.000000,1,0.000,0.000,0,0,0,0
265628170,0.000000,5,0.000,0.000,0,0,0,0
219035065,0.000000,1,0.000,0.000,0,0,0,0
219030885,0.000000,23,0.000,0.000,0,0,0,0
219016773,0.000000,2,0.000,0.000,0,0,0,0
219032650,0.000000,1,0.000,0.000,0,0,0,0
244643000,0.000000,13,0.000,0.000,0,0,0,0
992111925,0.000000,6,0.000,0.000,0,0,0,0
219025537,0.000000,2,0.000,0.000,0,0,0,0
219024678,0.000000,4,0.000,0.000,0,0,0,0
220336000,0.000000,59,0.000,0.000,0,0,0,0
244750462,0.000000,3,0.000,0.000,0,0,0,0
992111762,0.000000,4,0.000,0.000,0,0,0,0
219032609,0.000000,4,0.000,0.000,0,0,0,0
314869000,0.000000,1,0.000,0.000,0,0,0,0
211767710,0.000000,1,0.000,0.000,0,0,0,0
211513530,0.000000,2,0.000,0.000,0,0,0,0
265586090,0.000000,1,0.000,0.000,0,0,0,0
211682970,0.000000,7,0.000,0.000,0,0,0,0
538008494,0.000000,1,0.000,0.000,0,0,0,0
219003461,0.000000,4,0.000,0.000,0,0,0,0
219007693,0.000000,3,0.000,0.000,0,0,0,0
219000417,0.000000,8,0.000,0.000,0,0,0,0
219030008,0.000000,3,0.000,0.000,0,0,0,0
992111926,0.000000,8,0.000,0.000,0,0,0,0
219005453,0.000000,36,0.000,0.000,0,0,0,0
992111933,0.000000,2,0.000,0.000,0,0,0,0
992111842,0.000000,13,0.000,0.000,0,0,0,0
992111974,0.000000,1,0.000,0.000,0,0,0,0
992111927,0.000000,5,0.000,0.000,0,0,0,0
266076000,0.000000,29,0.000,0.000,0,0,0,0
211332100,0.000000,3,0.000,0.000,0,0,0,0
219027992,0.000000,2,0.000,0.000,0,0,0,0
371861000,0.000000,33,0.000,0.000,0,0,0,0
265780480,0.000000,4,0.000,0.000,0,0,0,0
265699620,0.000000,5,0.000,0.000,0,0,0,0
992111936,0.000000,2,0.000,0.000,0,0,0,0
219006514,0.000000,7,0.000,0.000,0,0,0,0
992111701,0.000000,3,0.000,0.000,0,0,0,0
261009052,0.000000,3,0.000,0.000,0,0,0,0
265586780,0.000000,30,0.000,0.000,0,0,0,0
992111929,0.000000,3,0.000,0.000,0,0,0,0
219034109,0.000000,4,0.000,0.000,0,0,0,0
219010244,0.000000,7,0.000,0.000,0,0,0,0
992111797,0.000000,3,0.000,0.000,0,0,0,0
992111011,0.000000,4,0.000,0.000,0,0,0,0
992610802,0.000000,6,0.000,0.000,0,0,0,0
265828130,0.000000,12,0.000,0.000,0,0,0,0
211590700,0.000000,2,0.000,0.000,0,0,0,0
244110938,0.000000,23,0.000,0.000,0,0,0,0
265568080,0.000000,13,0.000,0.000,0,0,0,0
265509950,0.000000,4,0.000,0.000,0,0,0,0
211431260,0.000000,5,0.000,0.000,0,0,0,0
219026177,0.000000,6,0.000,0.000,0,0,0,0
246483000,0.000000,5,0.000,0.000,0,0,0,0
211718360,0.000000,10,0.000,0.000,0,0,0,0
992111705,0.000000,2,0.000,0.000,0,0,0,0
219029753,0.000000,3,0.000,0.000,0,0,0,0
992111706,0.000000,1,0.000,0.000,0,0,0,0
265695210,0.000000,2,0.000,0.000,0,0,0,0
219019184,0.000000,1,0.000,0.000,0,0,0,0
265714620,0.000000,2,0.000,0.000,0,0,0,0
224030330,0.000000,3,0.000,0.000,0,0,0,0
218028480,0.000000,10,0.000,0.000,0,0,0,0
992111708,0.000000,2,0.000,0.000,0,0,0,0
219023434,0.000000,2,0.000,0.000,0,0,0,0
992111763,0.000000,5,0.000,0.000,0,0,0,0
246085000,0.000000,2,0.000,0.000,0,0,0,0
218030270,0.000000,5,0.000,0.000,0,0,0,0
219033983,0.000000,4,0.000,0.000,0,0,0,0
219030348,0.000000,4,0.000,0.000,0,0,0,0
211795940,0.000000,10,0.000,0.000,0,0,0,0
249637000,0.000000,5,0.000,0.000,0,0,0,0
992111801,0.000000,3,0.000,0.000,0,0,0,0
219009417,0.000000,4,0.000,0.000,0,0,0,0
235095776,0.000000,1,0.000,0.000,0,0,0,0
211127620,0.000000,3,0.000,0.000,0,0,0,0
219032816,0.000000,2,0.000,0.000,0,0,0,0
209702000,0.000000,5,0.000,0.000,0,0,0,0
265786010,0.000000,4,0.000,0.000,0,0,0,0
231809000,0.000000,22,0.000,0.000,0,0,0,0
244790314,0.000000,12,0.000,0.000,0,0,0,0
259044100,0.000000,12,0.000,0.000,0,0,0,0
261028280,0.000000,13,0.000,0.000,0,0,0,0
311001635,0.000000,5,0.000,0.000,0,0,0,0
211212690,0.000000,2,0.000,0.000,0,0,0,0
211234500,0.000000,3,0.000,0.000,0,0,0,0
265073160,0.000000,2,0.000,0.000,0,0,0,0
244834000,0.000000,2,0.000,0.000,0,0,0,0
219006115,0.000000,7,0.000,0.000,0,0,0,0
218043440,0.000000,6,0.000,0.000,0,0,0,0
211246320,0.000000,3,0.000,0.000,0,0,0,0
211164520,0.000000,6,0.000,0.000,0,0,0,0
219009958,0.000000,3,0.000,0.000,0,0,0,0
219001266,0.000000,2,0.000,0.000,0,0,0,0
211212440,0.000000,1,0.000,0.000,0,0,0,0
219031558,0.000000,3,0.000,0.000,0,0,0,0
219000751,0.000000,1,0.000,0.000,0,0,0,0
992576508,0.000000,11,0.000,0.000,0,0,0,0
219006164,0.000000,2,0.000,0.000,0,0,0,0
992610800,0.000000,5,0.000,0.000,0,0,0,0
245223000,0.000000,3,0.000,0.000,0,0,0,0
992111764,0.000000,2,0.000,0.000,0,0,0,0
211295840,0.000000,5,0.000,0.000,0,0,0,0
219019249,0.000000,4,0.000,0.000,0,0,0,0
311000335,0.000000,6,0.000,0.000,0,0,0,0
245809000,0.000000,12,0.000,0.000,0,0,0,0
245404000,0.000000,4,0.000,0.000,0,0,0,0
209264000,0.000000,5,0.000,0.000,0,0,0,0
636021129,0.000000,5,0.000,0.000,0,0,0,0
992111896,0.000000,1,0.000,0.000,0,0,0,0
244116000,0.000000,6,0.000,0.000,0,0,0,0
992111799,0.000000,4,0.000,0.000,0,0,0,0
265624900,0.000000,1,0.000,0.000,0,0,0,0
992111794,0.000000,2,0.000,0.000,0,0,0,0
219032621,0.000000,3,0.000,0.000,0,0,0,0
219000155,0.000000,7,0.000,0.000,0,0,0,0
219012386,0.000000,4,0.000,0.000,0,0,0,0
219031164,0.000000,3,0.000,0.000,0,0,0,0
992111876,0.000000,1,0.000,0.000,0,0,0,0
258117180,0.000000,8,0.000,0.000,0,0,0,0
304108000,0.000000,3,0.000,0.000,0,0,0,0
219007035,0.000000,4,0.000,0.000,0,0,0,0
219032749,0.000000,5,0.000,0.000,0,0,0,0
256398000,0.000000,4,0.000,0.000,0,0,0,0
246403000,0.000000,7,0.000,0.000,0,0,0,0
219020924,0.000000,3,0.000,0.000,0,0,0,0
219025371,0.000000,4,0.000,0.000,0,0,0,0
219033221,0.000000,14,0.000,0.000,0,0,0,0
413065000,0.000000,1,0.000,0.000,0,0,0,0
211337780,0.000000,2,0.000,0.000,0,0,0,0
219298000,0.000000,17,0.000,0.000,0,0,0,0
992576441,0.000000,13,0.000,0.000,0,0,0,0
219007223,0.000000,4,0.000,0.000,0,0,0,0
219027132,0.000000,5,0.000,0.000,0,0,0,0
219001253,0.000000,6,0.000,0.000,0,0,0,0
219014266,0.000000,4,0.000,0.000,0,0,0,0
241806000,0.000000,1,0.000,0.000,0,0,0,0
211350730,0.000000,7,0.000,0.000,0,0,0,0
219021795,0.000000,4,0.000,0.000,0,0,0,0
266476000,0.000000,17,0.000,0.000,0,0,0,0
220436000,0.000000,6,0.000,0.000,0,0,0,0
992111877,0.000000,2,0.000,0.000,0,0,0,0
219006006,0.000000,4,0.000,0.000,0,0,0,0
248941000,0.000000,11,0.000,0.000,0,0,0,0
304944000,0.000000,11,0.000,0.000,0,0,0,0
992111963,0.000000,1,0.000,0.000,0,0,0,0
211599060,0.000000,4,0.000,0.000,0,0,0,0
211253480,0.000000,2,0.000,0.000,0,0,0,0
219025072,0.000000,6,0.000,0.000,0,0,0,0
992111878,0.000000,4,0.000,0.000,0,0,0,0
265072400,0.000000,2,0.000,0.000,0,0,0,0
265696710,0.000000,2,0.000,0.000,0,0,0,0
218045990,0.000000,1,0.000,0.000,0,0,0,0
219033187,0.000000,3,0.000,0.000,0,0,0,0
218334000,0.000000,9,0.000,0.000,0,0,0,0
219026381,0.000000,8,0.000,0.000,0,0,0,0
219028549,0.000000,9,0.000,0.000,0,0,0,0
261039360,0.000000,3,0.000,0.000,0,0,0,0
219029708,0.000000,2,0.000,0.000,0,0,0,0
219032995,0.000000,8,0.000,0.000,0,0,0,0
219001423,0.000000,4,0.000,0.000,0,0,0,0
219017552,0.000000,2,0.000,0.000,0,0,0,0
209151000,0.000000,5,0.000,0.000,0,0,0,0
277354000,0.000000,6,0.000,0.000,0,0,0,0
219023635,0.000000,2,0.000,0.000,0,0,0,0
230698000,0.000000,5,0.000,0.000,0,0,0,0
219006889,0.000000,11,0.000,0.000,0,0,0,0
211793650,0.000000,23,0.000,0.000,0,0,0,0
246507000,0.000000,7,0.000,0.000,0,0,0,0
219016668,0.000000,1,0.000,0.000,0,0,0,0
219000675,0.000000,7,0.000,0.000,0,0,0,0
219027868,0.000000,3,0.000,0.000,0,0,0,0
219028070,0.000000,6,0.000,0.000,0,0,0,0
219003718,0.000000,2,0.000,0.000,0,0,0,0
211223950,0.000000,1,0.000,0.000,0,0,0,0
219034673,0.000000,4,0.000,0.000,0,0,0,0
992576507,0.000000,12,0.000,0.000,0,0,0,0
219030042,0.000000,5,0.000,0.000,0,0,0,0
211291160,0.000000,1,0.000,0.000,0,0,0,0
219014579,0.000000,7,0.000,0.000,0,0,0,0
211756210,0.000000,3,0.000,0.000,0,0,0,0
211245680,0.000000,5,0.000,0.000,0,0,0,0
211212700,0.000000,1,0.000,0.000,0,0,0,0
265647200,0.000000,19,0.000,0.000,0,0,0,0
219002349,0.000000,14,0.000,0.000,0,0,0,0
992111805,0.000000,12,0.000,0.000,0,0,0,0
563674000,0.000000,18,0.000,0.000,0,0,0,0
219026686,0.000000,5,0.000,0.000,0,0,0,0
211529680,0.000000,2,0.000,0.000,0,0,0,0
219024705,0.000000,1,0.000,0.000,0,0,0,0
992111803,0.000000,6,0.000,0.000,0,0,0,0
219028666,0.000000,8,0.000,0.000,0,0,0,0
992576505,0.000000,10,0.000,0.000,0,0,0,0
992111009,0.000000,1,0.000,0.000,0,0,0,0
219000824,0.000000,2,0.000,0.000,0,0,0,0
211760610,0.000000,3,0.000,0.000,0,0,0,0
230709000,0.000000,2,0.000,0.000,0,0,0,0
219014299,0.000000,1,0.000,0.000,0,0,0,0
211758460,0.000000,1,0.000,0.000,0,0,0,0
219034389,0.000000,3,0.000,0.000,0,0,0,0
253082000,0.000000,3,0.000,0.000,0,0,0,0
230008510,0.000000,6,0.000,0.000,0,0,0,0
219014593,0.000000,4,0.000,0.000,0,0,0,0
255915969,0.000000,15,0.000,0.000,0,0,0,0
265785010,0.000000,9,0.000,0.000,0,0,0,0
255806320,0.000000,8,0.000,0.000,0,0,0,0
211810060,0.000000,1,0.000,0.000,0,0,0,0
211341930,0.000000,1,0.000,0.000,0,0,0,0
219004365,0.000000,2,0.000,0.000,0,0,0,0
265581970,0.000000,35,0.000,0.000,0,0,0,0
219000805,0.000000,7,0.000,0.000,0,0,0,0
219019418,0.000000,7,0.000,0.000,0,0,0,0
219032031,0.000000,4,0.000,0.000,0,0,0,0
219010487,0.000000,1,0.000,0.000,0,0,0,0
265757900,0.000000,7,0.000,0.000,0,0,0,0
211750540,0.000000,3,0.000,0.000,0,0,0,0
211820390,0.000000,3,0.000,0.000,0,0,0,0
992576506,0.000000,9,0.000,0.000,0,0,0,0
210545000,0.000000,3,0.000,0.000,0,0,0,0
211798910,0.000000,4,0.000,0.000,0,0,0,0
265872000,0.000000,1,0.000,0.000,0,0,0,0
219018789,0.000000,5,0.000,0.000,0,0,0,0
265797710,0.000000,2,0.000,0.000,0,0,0,0
244170504,0.000000,2,0.000,0.000,0,0,0,0
211678060,0.000000,2,0.000,0.000,0,0,0,0
265594590,0.000000,4,0.000,0.000,0,0,0,0
219000851,0.000000,11,0.000,0.000,0,0,0,0
246702000,0.000000,2,0.000,0.000,0,0,0,0
219023020,0.000000,7,0.000,0.000,0,0,0,0
219005763,0.000000,4,0.000,0.000,0,0,0,0
219000125,0.000000,10,0.000,0.000,0,0,0,0
211399000,0.000000,4,0.000,0.000,0,0,0,0
210189000,0.000000,9,0.000,0.000,0,0,0,0
219014267,0.000000,3,0.000,0.000,0,0,0,0
211308130,0.000000,1,0.000,0.000,0,0,0,0
219013005,0.000000,2,0.000,0.000,0,0,0,0
219019145,0.000000,2,0.000,0.000,0,0,0,0
235078256,0.000000,5,0.000,0.000,0,0,0,0
219007967,0.000000,4,0.000,0.000,0,0,0,0
220100000,0.000000,4,0.000,0.000,0,0,0,0
211766650,0.000000,5,0.000,0.000,0,0,0,0
211130410,0.000000,13,0.000,0.000,0,0,0,0
253570000,0.000000,3,0.000,0.000,0,0,0,0
992191529,0.000000,3,0.000,0.000,0,0,0,0
219013391,0.000000,3,0.000,0.000,0,0,0,0
218061300,0.000000,4,0.000,0.000,0,0,0,0
992191525,0.000000,3,0.000,0.000,0,0,0,0
992576503,0.000000,9,0.000,0.000,0,0,0,0
992111765,0.000000,4,0.000,0.000,0,0,0,0
219679000,0.000000,9,0.000,0.000,0,0,0,0
219015583,0.000000,1,0.000,0.000,0,0,0,0
246133000,0.000000,6,0.000,0.000,0,0,0,0
219033280,0.000000,2,0.000,0.000,0,0,0,0
219024831,0.000000,7,0.000,0.000,0,0,0,0
211570830,0.000000,3,0.000,0.000,0,0,0,0
244468000,0.000000,6,0.000,0.000,0,0,0,0
261501000,0.000000,2,0.000,0.000,0,0,0,0
269057816,0.000000,13,0.000,0.000,0,0,0,0
219024597,0.000000,11,0.000,0.000,0,0,0,0
256717000,0.000000,1,0.000,0.000,0,0,0,0
219022352,0.000000,6,0.000,0.000,0,0,0,0
211525210,0.000000,11,0.000,0.000,0,0,0,0
265576280,0.000000,2,0.000,0.000,0,0,0,0
219017151,0.000000,4,0.000,0.000,0,0,0,0
992191521,0.000000,3,0.000,0.000,0,0,0,0
992191516,0.000000,2,0.000,0.000,0,0,0,0
219033269,0.000000,8,0.000,0.000,0,0,0,0
211833930,0.000000,9,0.000,0.000,0,0,0,0
265066780,0.000000,6,0.000,0.000,0,0,0,0
275514000,0.000000,11,0.000,0.000,0,0,0,0
210548000,0.000000,8,0.000,0.000,0,0,0,0
219000176,0.000000,5,0.000,0.000,0,0,0,0
311000886,0.000000,7,0.000,0.000,0,0,0,0
269108190,0.000000,4,0.000,0.000,0,0,0,0
992191512,0.000000,3,0.000,0.000,0,0,0,0
244700336,0.000000,17,0.000,0.000,0,0,0,0
636021785,0.000000,18,0.000,0.000,0,0,0,0
219025446,0.000000,9,0.000,0.000,0,0,0,0
219018851,0.000000,8,0.000,0.000,0,0,0,0
219034655,0.000000,8,0.000,0.000,0,0,0,0
211787790,0.000000,3,0.000,0.000,0,0,0,0
219032869,0.000000,6,0.000,0.000,0,0,0,0
219491000,0.000000,4,0.000,0.000,0,0,0,0
219031879,0.000000,1,0.000,0.000,0,0,0,0
211338680,0.000000,7,0.000,0.000,0,0,0,0
992111855,0.000000,2,0.000,0.000,0,0,0,0
219024732,0.000000,2,0.000,0.000,0,0,0,0
992576502,0.000000,8,0.000,0.000,0,0,0,0
219006744,0.000000,6,0.000,0.000,0,0,0,0
219022505,0.000000,2,0.000,0.000,0,0,0,0
992191505,0.000000,2,0.000,0.000,0,0,0,0
992111807,0.000000,6,0.000,0.000,0,0,0,0
219002269,0.000000,1,0.000,0.000,0,0,0,0
257356000,0.000000,1,0.000,0.000,0,0,0,0
211450490,0.000000,6,0.000,0.000,0,0,0,0
231523000,0.000000,2,0.000,0.000,0,0,0,0
219031859,0.000000,3,0.000,0.000,0,0,0,0
211825680,0.000000,2,0.000,0.000,0,0,0,0
219018769,0.000000,2,0.000,0.000,0,0,0,0
992111854,0.000000,1,0.000,0.000,0,0,0,0
992111879,0.000000,3,0.000,0.000,0,0,0,0
255805894,0.000000,12,0.000,0.000,0,0,0,0
992111853,0.000000,1,0.000,0.000,0,0,0,0
219002023,0.000000,5,0.000,0.000,0,0,0,0
211231860,0.000000,6,0.000,0.000,0,0,0,0
211144130,0.000000,1,0.000,0.000,0,0,0,0
219006123,0.000000,2,0.000,0.000,0,0,0,0
219032670,0.000000,5,0.000,0.000,0,0,0,0
219027893,0.000000,5,0.000,0.000,0,0,0,0
236111817,0.000000,5,0.000,0.000,0,0,0,0
992191520,0.000000,2,0.000,0.000,0,0,0,0
219023936,0.000000,4,0.000,0.000,0,0,0,0
219330000,0.000000,4,0.000,0.000,0,0,0,0
266142000,0.000000,8,0.000,0.000,0,0,0,0
211760340,0.000000,4,0.000,0.000,0,0,0,0
244150525,0.000000,4,0.000,0.000,0,0,0,0
219026457,0.000000,3,0.000,0.000,0,0,0,0
211251720,0.000000,4,0.000,0.000,0,0,0,0
246824000,0.000000,7,0.000,0.000,0,0,0,0
219002409,0.000000,4,0.000,0.000,0,0,0,0
219029058,0.000000,7,0.000,0.000,0,0,0,0
219023945,0.000000,7,0.000,0.000,0,0,0,0
992111766,0.000000,3,0.000,0.000,0,0,0,0
211351250,0.000000,1,0.000,0.000,0,0,0,0
538005799,0.000000,9,0.000,0.000,0,0,0,0
219003656,0.000000,4,0.000,0.000,0,0,0,0
992191502,0.000000,2,0.000,0.000,0,0,0,0
211251690,0.000000,1,0.000,0.000,0,0,0,0
211848540,0.000000,1,0.000,0.000,0,0,0,0
219168000,0.000000,1,0.000,0.000,0,0,0,0
440072000,0.000000,5,0.000,0.000,0,0,0,0
211267710,0.000000,6,0.000,0.000,0,0,0,0
255806390,0.000000,9,0.000,0.000,0,0,0,0
992111798,0.000000,1,0.000,0.000,0,0,0,0
219003383,0.000000,4,0.000,0.000,0,0,0,0
265799920,0.000000,3,0.000,0.000,0,0,0,0
265547220,0.000000,4,0.000,0.000,0,0,0,0
219032027,0.000000,3,0.000,0.000,0,0,0,0
219032700,0.000000,4,0.000,0.000,0,0,0,0
211233660,0.000000,8,0.000,0.000,0,0,0,0
219029878,0.000000,2,0.000,0.000,0,0,0,0
992191522,0.000000,2,0.000,0.000,0,0,0,0
219208000,0.000000,8,0.000,0.000,0,0,0,0
219000177,0.000000,5,0.000,0.000,0,0,0,0
219014374,0.000000,4,0.000,0.000,0,0,0,0
244710347,0.000000,4,0.000,0.000,0,0,0,0
219014096,0.000000,4,0.000,0.000,0,0,0,0
211102510,0.000000,3,0.000,0.000,0,0,0,0
265057700,0.000000,4,0.000,0.000,0,0,0,0
219007727,0.000000,7,0.000,0.000,0,0,0,0
211274960,0.000000,6,0.000,0.000,0,0,0,0
219028353,0.000000,2,0.000,0.000,0,0,0,0
992111010,0.000000,4,0.000,0.000,0,0,0,0
219001771,0.000000,8,0.000,0.000,0,0,0,0
671546100,0.000000,5,0.000,0.000,0,0,0,0
377603000,0.000000,3,0.000,0.000,0,0,0,0
219016227,0.000000,13,0.000,0.000,0,0,0,0
265674430,0.000000,5,0.000,0.000,0,0,0,0
219000121,0.000000,3,0.000,0.000,0,0,0,0
211822990,0.000000,4,0.000,0.000,0,0,0,0
265807560,0.000000,3,0.000,0.000,0,0,0,0
304964000,0.000000,2,0.000,0.000,0,0,0,0
211249810,0.000000,3,0.000,0.000,0,0,0,0
992191526,0.000000,3,0.000,0.000,0,0,0,0
219013524,0.000000,1,0.000,0.000,0,0,0,0
992570000,0.000000,1,0.000,0.000,0,0,0,0
211606770,0.000000,5,0.000,0.000,0,0,0,0
219029348,0.000000,4,0.000,0.000,0,0,0,0
244723000,0.000000,3,0.000,0.000,0,0,0,0
218037720,0.000000,1,0.000,0.000,0,0,0,0
219019173,0.000000,2,0.000,0.000,0,0,0,0
219023956,0.000000,4,0.000,0.000,0,0,0,0
219009415,0.000000,2,0.000,0.000,0,0,0,0
992191503,0.000000,2,0.000,0.000,0,0,0,0
993380065,0.000000,7,0.000,0.000,0,0,0,0
220192000,0.000000,3,0.000,0.000,0,0,0,0
246253000,0.000000,3,0.000,0.000,0,0,0,0
219011283,0.000000,8,0.000,0.000,0,0,0,0
219002846,0.000000,4,0.000,0.000,0,0,0,0
219000657,0.000000,4,0.000,0.000,0,0,0,0
305966000,0.000000,2,0.000,0.000,0,0,0,0
219020477,0.000000,9,0.000,0.000,0,0,0,0
219023567,0.000000,2,0.000,0.000,0,0,0,0
992191514,0.000000,2,0.000,0.000,0,0,0,0
261009085,0.000000,3,0.000,0.000,0,0,0,0
219024727,0.000000,3,0.000,0.000,0,0,0,0
219022526,0.000000,4,0.000,0.000,0,0,0,0
265069450,0.000000,2,0.000,0.000,0,0,0,0
211597600,0.000000,6,0.000,0.000,0,0,0,0
211473470,0.000000,4,0.000,0.000,0,0,0,0
207124000,0.000000,1,0.000,0.000,0,0,0,0
211522930,0.000000,8,0.000,0.000,0,0,0,0
219019354,0.000000,6,0.000,0.000,0,0,0,0
219030069,0.000000,2,0.000,0.000,0,0,0,0
236111925,0.000000,4,0.000,0.000,0,0,0,0
219018526,0.000000,3,0.000,0.000,0,0,0,0
219007471,0.000000,5,0.000,0.000,0,0,0,0
219021782,0.000000,4,0.000,0.000,0,0,0,0
311000766,0.000000,3,0.000,0.000,0,0,0,0
219020710,0.000000,2,0.000,0.000,0,0,0,0
219018892,0.000000,6,0.000,0.000,0,0,0,0
992191519,0.000000,2,0.000,0.000,0,0,0,0
211533760,0.000000,8,0.000,0.000,0,0,0,0
211860240,0.000000,2,0.000,0.000,0,0,0,0
219027190,0.000000,6,0.000,0.000,0,0,0,0
219030412,0.000000,4,0.000,0.000,0,0,0,0
538005301,0.000000,8,0.000,0.000,0,0,0,0
209535000,0.000000,9,0.000,0.000,0,0,0,0
992191508,0.000000,2,0.000,0.000,0,0,0,0
219032092,0.000000,5,0.000,0.000,0,0,0,0
211325880,0.000000,3,0.000,0.000,0,0,0,0
211856550,0.000000,4,0.000,0.000,0,0,0,0
219031725,0.000000,4,0.000,0.000,0,0,0,0
219012561,0.000000,2,0.000,0.000,0,0,0,0
244060938,0.000000,2,0.000,0.000,0,0,0,0
992111729,0.000000,9,0.000,0.000,0,0,0,0
219031623,0.000000,3,0.000,0.000,0,0,0,0
219923000,0.000000,4,0.000,0.000,0,0,0,0
211152700,0.000000,4,0.000,0.000,0,0,0,0
211716890,0.000000,6,0.000,0.000,0,0,0,0
992191523,0.000000,2,0.000,0.000,0,0,0,0
219023888,0.000000,3,0.000,0.000,0,0,0,0
219022518,0.000000,5,0.000,0.000,0,0,0,0
219030600,0.000000,1,0.000,0.000,0,0,0,0
219000186,0.000000,2,0.000,0.000,0,0,0,0
341317002,0.000000,5,0.000,0.000,0,0,0,0
255805754,0.000000,6,0.000,0.000,0,0,0,0
265513080,0.000000,2,0.000,0.000,0,0,0,0
265808520,0.000000,1,0.000,0.000,0,0,0,0
218013580,0.000000,1,0.000,0.000,0,0,0,0
219031274,0.000000,8,0.000,0.000,0,0,0,0
219003406,0.000000,6,0.000,0.000,0,0,0,0
265547210,0.000000,3,0.000,0.000,0,0,0,0
219031740,0.000000,2,0.000,0.000,0,0,0,0
268248202,0.000000,3,0.000,0.000,0,0,0,0
304354000,0.000000,1,0.000,0.000,0,0,0,0
219005313,0.000000,10,0.000,0.000,0,0,0,0
211825500,0.000000,6,0.000,0.000,0,0,0,0
992191528,0.000000,3,0.000,0.000,0,0,0,0
219004125,0.000000,16,0.000,0.000,0,0,0,0
992581556,0.000000,2,0.000,0.000,0,0,0,0
219006387,0.000000,4,0.000,0.000,0,0,0,0
219032635,0.000000,2,0.000,0.000,0,0,0,0
314260000,0.000000,2,0.000,0.000,0,0,0,0
219022423,0.000000,4,0.000,0.000,0,0,0,0
219025523,0.000000,4,0.000,0.000,0,0,0,0
219158000,0.000000,8,0.000,0.000,0,0,0,0
219014355,0.000000,3,0.000,0.000,0,0,0,0
219010465,0.000000,3,0.000,0.000,0,0,0,0
219027310,0.000000,4,0.000,0.000,0,0,0,0
211237730,0.000000,2,0.000,0.000,0,0,0,0
219009335,0.000000,5,0.000,0.000,0,0,0,0
219028973,0.000000,5,0.000,0.000,0,0,0,0
259041280,0.000000,3,0.000,0.000,0,0,0,0
266336000,0.000000,5,0.000,0.000,0,0,0,0
992111795,0.000000,1,0.000,0.000,0,0,0,0
211309070,0.000000,7,0.000,0.000,0,0,0,0
219023691,0.000000,4,0.000,0.000,0,0,0,0
211215500,0.000000,3,0.000,0.000,0,0,0,0
992191511,0.000000,3,0.000,0.000,0,0,0,0
219025774,0.000000,4,0.000,0.000,0,0,0,0
211192770,0.000000,3,0.000,0.000,0,0,0,0
211143370,0.000000,4,0.000,0.000,0,0,0,0
219000543,0.000000,3,0.000,0.000,0,0,0,0
219031896,0.000000,3,0.000,0.000,0,0,0,0
211733310,0.000000,3,0.000,0.000,0,0,0,0
211835540,0.000000,11,0.000,0.000,0,0,0,0
311818000,0.000000,3,0.000,0.000,0,0,0,0
219020436,0.000000,3,0.000,0.000,0,0,0,0
211755690,0.000000,23,0.000,0.000,0,0,0,0
219006024,0.000000,2,0.000,0.000,0,0,0,0
219000674,0.000000,23,0.000,0.000,0,0,0,0
219033089,0.000000,2,0.000,0.000,0,0,0,0
219023018,0.000000,4,0.000,0.000,0,0,0,0
219013073,0.000000,2,0.000,0.000,0,0,0,0
992191530,0.000000,3,0.000,0.000,0,0,0,0
211363400,0.000000,7,0.000,0.000,0,0,0,0
219034250,0.000000,4,0.000,0.000,0,0,0,0
219015161,0.000000,2,0.000,0.000,0,0,0,0
219018456,0.000000,3,0.000,0.000,0,0,0,0
219021739,0.000000,3,0.000,0.000,0,0,0,0
211396900,0.000000,4,0.000,0.000,0,0,0,0
211385020,0.000000,1,0.000,0.000,0,0,0,0
257064430,0.000000,8,0.000,0.000,0,0,0,0
211160300,0.000000,5,0.000,0.000,0,0,0,0
211715500,0.000000,1,0.000,0.000,0,0,0,0
211695580,0.000000,1,0.000,0.000,0,0,0,0
211222290,0.000000,5,0.000,0.000,0,0,0,0
266460000,0.000000,5,0.000,0.000,0,0,0,0
219030637,0.000000,5,0.000,0.000,0,0,0,0
538009022,0.000000,8,0.000,0.000,0,0,0,0
265043260,0.000000,3,0.000,0.000,0,0,0,0
211567530,0.000000,6,0.000,0.000,0,0,0,0
211226990,0.000000,4,0.000,0.000,0,0,0,0
992191524,0.000000,3,0.000,0.000,0,0,0,0
211453220,0.000000,5,0.000,0.000,0,0,0,0
211700070,0.000000,8,0.000,0.000,0,0,0,0
219001166,0.000000,3,0.000,0.000,0,0,0,0
219030336,0.000000,1,0.000,0.000,0,0,0,0
211170180,0.000000,3,0.000,0.000,0,0,0,0
219031724,0.000000,1,0.000,0.000,0,0,0,0
219027249,0.000000,4,0.000,0.000,0,0,0,0
211158510,0.000000,4,0.000,0.000,0,0,0,0
211356520,0.000000,2,0.000,0.000,0,0,0,0
211118470,0.000000,2,0.000,0.000,0,0,0,0
211567220,0.000000,6,0.000,0.000,0,0,0,0
219018254,0.000000,1,0.000,0.000,0,0,0,0
244689000,0.000000,5,0.000,0.000,0,0,0,0
244110256,0.000000,4,0.000,0.000,0,0,0,0
992191515,0.000000,2,0.000,0.000,0,0,0,0
992111796,0.000000,6,0.000,0.000,0,0,0,0
275515000,0.000000,8,0.000,0.000,0,0,0,0
244033370,0.000000,3,0.000,0.000,0,0,0,0
219024777,0.000000,4,0.000,0.000,0,0,0,0
211799520,0.000000,3,0.000,0.000,0,0,0,0
219166000,0.000000,4,0.000,0.000,0,0,0,0
305612000,0.000000,5,0.000,0.000,0,0,0,0
219024330,0.000000,2,0.000,0.000,0,0,0,0
265810550,0.000000,2,0.000,0.000,0,0,0,0
219007337,0.000000,4,0.000,0.000,0,0,0,0
219025465,0.000000,2,0.000,0.000,0,0,0,0
265572330,0.000000,6,0.000,0.000,0,0,0,0
236180000,0.000000,7,0.000,0.000,0,0,0,0
219007363,0.000000,10,0.000,0.000,0,0,0,0
211226120,0.000000,11,0.000,0.000,0,0,0,0
219023391,0.000000,2,0.000,0.000,0,0,0,0
265548670,0.000000,1,0.000,0.000,0,0,0,0
220151000,0.000000,15,0.000,0.000,0,0,0,0
219028066,0.000000,2,0.000,0.000,0,0,0,0
232041001,0.000000,3,0.000,0.000,0,0,0,0
244306000,0.000000,1,0.000,0.000,0,0,0,0
246179000,0.000000,1,0.000,0.000,0,0,0,0
265589360,0.000000,7,0.000,0.000,0,0,0,0
211819290,0.000000,9,0.000,0.000,0,0,0,0
169664032,0.000000,1,0.000,0.000,0,0,0,0
219028158,0.000000,5,0.000,0.000,0,0,0,0
563262400,0.000000,2,0.000,0.000,0,0,0,0
219017081,0.000000,2,0.000,0.000,0,0,0,0
219022668,0.000000,4,0.000,0.000,0,0,0,0
244482000,0.000000,3,0.000,0.000,0,0,0,0
211648000,0.000000,4,0.000,0.000,0,0,0,0
232059393,0.000000,5,0.000,0.000,0,0,0,0
219027290,0.000000,3,0.000,0.000,0,0,0,0
265030760,0.000000,1,0.000,0.000,0,0,0,0
211530100,0.000000,4,0.000,0.000,0,0,0,0
219027735,0.000000,8,0.000,0.000,0,0,0,0
219021128,0.000000,6,0.000,0.000,0,0,0,0
219033940,0.000000,4,0.000,0.000,0,0,0,0
219029472,0.000000,3,0.000,0.000,0,0,0,0
211528150,0.000000,4,0.000,0.000,0,0,0,0
255805280,0.000000,4,0.000,0.000,0,0,0,0
309586000,0.000000,6,0.000,0.000,0,0,0,0
235111522,0.000000,1,0.000,0.000,0,0,0,0
265547270,0.000000,1,0.000,0.000,0,0,0,0
219033266,0.000000,6,0.000,0.000,0,0,0,0
265074820,0.000000,2,0.000,0.000,0,0,0,0
211231520,0.000000,5,0.000,0.000,0,0,0,0
219032359,0.000000,2,0.000,0.000,0,0,0,0
305440000,0.000000,4,0.000,0.000,0,0,0,0
255806119,0.000000,5,0.000,0.000,0,0,0,0
244768000,0.000000,2,0.000,0.000,0,0,0,0
232028074,0.000000,2,0.000,0.000,0,0,0,0
219033319,0.000000,3,0.000,0.000,0,0,0,0
218042350,0.000000,2,0.000,0.000,0,0,0,0
219000474,0.000000,6,0.000,0.000,0,0,0,0
210046000,0.000000,7,0.000,0.000,0,0,0,0
211216330,0.000000,11,0.000,0.000,0,0,0,0
219029210,0.000000,3,0.000,0.000,0,0,0,0
211655060,0.000000,5,0.000,0.000,0,0,0,0
219012722,0.000000,7,0.000,0.000,0,0,0,0
219035393,0.000000,9,0.000,0.000,0,0,0,0
258003290,0.000000,6,0.000,0.000,0,0,0,0
265585400,0.000000,8,0.000,0.000,0,0,0,0
265723950,0.000000,1,0.000,0.000,0,0,0,0
219004259,0.000000,3,0.000,0.000,0,0,0,0
992611340,0.000000,3,0.000,0.000,0,0,0,0
219004069,0.000000,4,0.000,0.000,0,0,0,0
219028839,0.000000,2,0.000,0.000,0,0,0,0
219032845,0.000000,4,0.000,0.000,0,0,0,0
211624720,0.000000,1,0.000,0.000,0,0,0,0
265038000,0.000000,4,0.000,0.000,0,0,0,0
219031124,0.000000,6,0.000,0.000,0,0,0,0
211152520,0.000000,3,0.000,0.000,0,0,0,0
211460410,0.000000,3,0.000,0.000,0,0,0,0
211570140,0.000000,4,0.000,0.000,0,0,0,0
219003446,0.000000,3,0.000,0.000,0,0,0,0
219024924,0.000000,2,0.000,0.000,0,0,0,0
219015302,0.000000,2,0.000,0.000,0,0,0,0
246819000,0.000000,5,0.000,0.000,0,0,0,0
211200960,0.000000,7,0.000,0.000,0,0,0,0
992111827,0.000000,3,0.000,0.000,0,0,0,0
244890000,0.000000,8,0.000,0.000,0,0,0,0
219009907,0.000000,2,0.000,0.000,0,0,0,0
211201850,0.000000,4,0.000,0.000,0,0,0,0
219023370,0.000000,2,0.000,0.000,0,0,0,0
218060990,0.000000,6,0.000,0.000,0,0,0,0
265724350,0.000000,2,0.000,0.000,0,0,0,0
304688000,0.000000,9,0.000,0.000,0,0,0,0
266148000,0.000000,21,0.000,0.000,0,0,0,0
371950000,0.000000,6,0.000,0.000,0,0,0,0
265808670,0.000000,3,0.000,0.000,0,0,0,0
211399920,0.000000,1,0.000,0.000,0,0,0,0
211362500,0.000000,2,0.000,0.000,0,0,0,0
219022156,0.000000,2,0.000,0.000,0,0,0,0
304220000,0.000000,5,0.000,0.000,0,0,0,0
269112910,0.000000,3,0.000,0.000,0,0,0,0
219000181,0.000000,4,0.000,0.000,0,0,0,0
255916069,0.000000,5,0.000,0.000,0,0,0,0
219000416,0.000000,4,0.000,0.000,0,0,0,0
211795250,0.000000,13,0.000,0.000,0,0,0,0
219029468,0.000000,3,0.000,0.000,0,0,0,0
219014269,0.000000,4,0.000,0.000,0,0,0,0
219016572,0.000000,4,0.000,0.000,0,0,0,0
211297990,0.000000,3,0.000,0.000,0,0,0,0
992576420,0.000000,4,0.000,0.000,0,0,0,0
219033036,0.000000,6,0.000,0.000,0,0,0,0
211627310,0.000000,5,0.000,0.000,0,0,0,0
219024900,0.000000,4,0.000,0.000,0,0,0,0
244730382,0.000000,7,0.000,0.000,0,0,0,0
219032164,0.000000,6,0.000,0.000,0,0,0,0
218043090,0.000000,4,0.000,0.000,0,0,0,0
219026750,0.000000,4,0.000,0.000,0,0,0,0
219024955,0.000000,10,0.000,0.000,0,0,0,0
233789000,0.000000,2,0.000,0.000,0,0,0,0
211500210,0.000000,5,0.000,0.000,0,0,0,0
219032616,0.000000,5,0.000,0.000,0,0,0,0
246832000,0.000000,5,0.000,0.000,0,0,0,0
219028461,0.000000,4,0.000,0.000,0,0,0,0
219026278,0.000000,3,0.000,0.000,0,0,0,0
219000126,0.000000,14,0.000,0.000,0,0,0,0
219013249,0.000000,3,0.000,0.000,0,0,0,0
211486840,0.000000,12,0.000,0.000,0,0,0,0
219000195,0.000000,2,0.000,0.000,0,0,0,0
211523050,0.000000,2,0.000,0.000,0,0,0,0
992576510,0.000000,8,0.000,0.000,0,0,0,0
219015427,0.000000,3,0.000,0.000,0,0,0,0
211333700,0.000000,7,0.000,0.000,0,0,0,0
211526670,0.000000,6,0.000,0.000,0,0,0,0
219023099,0.000000,1,0.000,0.000,0,0,0,0
265859000,0.000000,20,0.000,0.000,0,0,0,0
211291060,0.000000,4,0.000,0.000,0,0,0,0
219016577,0.000000,3,0.000,0.000,0,0,0,0
203247191,0.000000,2,0.000,0.000,0,0,0,0
218056580,0.000000,6,0.000,0.000,0,0,0,0
219007671,0.000000,1,0.000,0.000,0,0,0,0
219032733,0.000000,3,0.000,0.000,0,0,0,0
219026018,0.000000,7,0.000,0.000,0,0,0,0
219007788,0.000000,1,0.000,0.000,0,0,0,0
970010055,0.000000,14,0.000,0.000,0,0,0,0
219017009,0.000000,2,0.000,0.000,0,0,0,0
636022397,0.000000,6,0.000,0.000,0,0,0,0
211761800,0.000000,5,0.000,0.000,0,0,0,0
219025274,0.000000,5,0.000,0.000,0,0,0,0
218062280,0.000000,5,0.000,0.000,0,0,0,0
219023437,0.000000,6,0.000,0.000,0,0,0,0
211165590,0.000000,4,0.000,0.000,0,0,0,0
219026384,0.000000,1,0.000,0.000,0,0,0,0
219001111,0.000000,5,0.000,0.000,0,0,0,0
219034069,0.000000,4,0.000,0.000,0,0,0,0
219005323,0.000000,2,0.000,0.000,0,0,0,0
246011000,0.000000,2,0.000,0.000,0,0,0,0
220276000,0.000000,7,0.000,0.000,0,0,0,0
209075000,0.000000,3,0.000,0.000,0,0,0,0
219008177,0.000000,2,0.000,0.000,0,0,0,0
219032257,0.000000,2,0.000,0.000,0,0,0,0
265360000,0.000000,1,0.000,0.000,0,0,0,0
211460790,0.000000,1,0.000,0.000,0,0,0,0
265542540,0.000000,4,0.000,0.000,0,0,0,0
244024000,0.000000,9,0.000,0.000,0,0,0,0
211315230,0.000000,7,0.000,0.000,0,0,0,0
211212780,0.000000,4,0.000,0.000,0,0,0,0
219015604,0.000000,4,0.000,0.000,0,0,0,0
219015559,0.000000,7,0.000,0.000,0,0,0,0
241813000,0.000000,5,0.000,0.000,0,0,0,0
219002187,0.000000,6,0.000,0.000,0,0,0,0
275556000,0.000000,5,0.000,0.000,0,0,0,0
219002051,0.000000,8,0.000,0.000,0,0,0,0
256002499,0.000000,3,0.000,0.000,0,0,0,0
219012511,0.000000,4,0.000,0.000,0,0,0,0
220432000,0.000000,15,0.000,0.000,0,0,0,0
219024185,0.000000,5,0.000,0.000,0,0,0,0
219003561,0.000000,4,0.000,0.000,0,0,0,0
211211850,0.000000,3,0.000,0.000,0,0,0,0
636093384,0.000000,7,0.000,0.000,0,0,0,0
219029703,0.000000,1,0.000,0.000,0,0,0,0
265837000,0.000000,4,0.000,0.000,0,0,0,0
219000581,0.000000,4,0.000,0.000,0,0,0,0
219031192,0.000000,4,0.000,0.000,0,0,0,0
218028910,0.000000,4,0.000,0.000,0,0,0,0
219006895,0.000000,4,0.000,0.000,0,0,0,0
219000552,0.000000,5,0.000,0.000,0,0,0,0
219014219,0.000000,4,0.000,0.000,0,0,0,0
219431542,0.000000,4,0.000,0.000,0,0,0,0
992111809,0.000000,10,0.000,0.000,0,0,0,0
244810475,0.000000,8,0.000,0.000,0,0,0,0
219002684,0.000000,9,0.000,0.000,0,0,0,0
229255000,0.000000,2,0.000,0.000,0,0,0,0
219024338,0.000000,3,0.000,0.000,0,0,0,0
219500000,0.000000,15,0.000,0.000,0,0,0,0
235087256,0.000000,8,0.000,0.000,0,0,0,0
261001340,0.000000,3,0.000,0.000,0,0,0,0
219011979,0.000000,3,0.000,0.000,0,0,0,0
265801930,0.000000,4,0.000,0.000,0,0,0,0
218061220,0.000000,6,0.000,0.000,0,0,0,0
211819590,0.000000,3,0.000,0.000,0,0,0,0
211733550,0.000000,5,0.000,0.000,0,0,0,0
265725520,0.000000,3,0.000,0.000,0,0,0,0
211760370,0.000000,7,0.000,0.000,0,0,0,0
211179790,0.000000,4,0.000,0.000,0,0,0,0
219026536,0.000000,3,0.000,0.000,0,0,0,0
266152000,0.000000,8,0.000,0.000,0,0,0,0
219030895,0.000000,3,0.000,0.000,0,0,0,0
244712000,0.000000,5,0.000,0.000,0,0,0,0
219026897,0.000000,1,0.000,0.000,0,0,0,0
219006563,0.000000,12,0.000,0.000,0,0,0,0
265766010,0.000000,2,0.000,0.000,0,0,0,0
219011448,0.000000,2,0.000,0.000,0,0,0,0
219026197,0.000000,8,0.000,0.000,0,0,0,0
219024616,0.000000,2,0.000,0.000,0,0,0,0
257584000,0.000000,4,0.000,0.000,0,0,0,0
211679050,0.000000,4,0.000,0.000,0,0,0,0
265000060,0.000000,7,0.000,0.000,0,0,0,0
211229320,0.000000,1,0.000,0.000,0,0,0,0
265060520,0.000000,4,0.000,0.000,0,0,0,0
219032375,0.000000,5,0.000,0.000,0,0,0,0
211470130,0.000000,8,0.000,0.000,0,0,0,0
219027962,0.000000,6,0.000,0.000,0,0,0,0
219002694,0.000000,5,0.000,0.000,0,0,0,0
265557720,0.000000,3,0.000,0.000,0,0,0,0
255624000,0.000000,3,0.000,0.000,0,0,0,0
219026899,0.000000,2,0.000,0.000,0,0,0,0
211196300,0.000000,4,0.000,0.000,0,0,0,0
219026118,0.000000,11,0.000,0.000,0,0,0,0
266057000,0.000000,7,0.000,0.000,0,0,0,0
538008901,0.000000,11,0.000,0.000,0,0,0,0
219024284,0.000000,1,0.000,0.000,0,0,0,0
211805830,0.000000,6,0.000,0.000,0,0,0,0
219030561,0.000000,3,0.000,0.000,0,0,0,0
211206770,0.000000,1,0.000,0.000,0,0,0,0
377207000,0.000000,4,0.000,0.000,0,0,0,0
219034614,0.000000,2,0.000,0.000,0,0,0,0
219014364,0.000000,3,0.000,0.000,0,0,0,0
219010219,0.000000,3,0.000,0.000,0,0,0,0
265549870,0.000000,2,0.000,0.000,0,0,0,0
219034220,0.000000,4,0.000,0.000,0,0,0,0
219031279,0.000000,5,0.000,0.000,0,0,0,0
211701340,0.000000,2,0.000,0.000,0,0,0,0
211798610,0.000000,1,0.000,0.000,0,0,0,0
219011409,0.000000,4,0.000,0.000,0,0,0,0
219016821,0.000000,1,0.000,0.000,0,0,0,0
219015301,0.000000,4,0.000,0.000,0,0,0,0
219001468,0.000000,4,0.000,0.000,0,0,0,0
219596000,0.000000,6,0.000,0.000,0,0,0,0
211120050,0.000000,9,0.000,0.000,0,0,0,0
219018616,0.000000,3,0.000,0.000,0,0,0,0
219011885,0.000000,2,0.000,0.000,0,0,0,0
219023114,0.000000,4,0.000,0.000,0,0,0,0
219026845,0.000000,4,0.000,0.000,0,0,0,0
636018092,0.000000,6,0.000,0.000,0,0,0,0
261148000,0.000000,5,0.000,0.000,0,0,0,0
232040897,0.000000,3,0.000,0.000,0,0,0,0
219023531,0.000000,7,0.000,0.000,0,0,0,0
210056000,0.000000,6,0.000,0.000,0,0,0,0
219033125,0.000000,2,0.000,0.000,0,0,0,0
219008701,0.000000,2,0.000,0.000,0,0,0,0
258514000,0.000000,5,0.000,0.000,0,0,0,0
220252000,0.000000,5,0.000,0.000,0,0,0,0
219018258,0.000000,4,0.000,0.000,0,0,0,0
211320950,0.000000,1,0.000,0.000,0,0,0,0
564879000,0.000000,1,0.000,0.000,0,0,0,0
231801000,0.000000,6,0.000,0.000,0,0,0,0
265653060,0.000000,3,0.000,0.000,0,0,0,0
211273620,0.000000,10,0.000,0.000,0,0,0,0
992651010,0.000000,24,0.000,0.000,0,0,0,0
219028486,0.000000,4,0.000,0.000,0,0,0,0
211669660,0.000000,5,0.000,0.000,0,0,0,0
219027378,0.000000,4,0.000,0.000,0,0,0,0
275541000,0.000000,3,0.000,0.000,0,0,0,0
224717000,0.000000,2,0.000,0.000,0,0,0,0
246218000,0.000000,2,0.000,0.000,0,0,0,0
211411930,0.000000,6,0.000,0.000,0,0,0,0
211159260,0.000000,7,0.000,0.000,0,0,0,0
258156350,0.000000,6,0.000,0.000,0,0,0,0
219029268,0.000000,1,0.000,0.000,0,0,0,0
212949000,0.000000,8,0.000,0.000,0,0,0,0
248789000,0.000000,7,0.000,0.000,0,0,0,0
211379160,0.000000,3,0.000,0.000,0,0,0,0
211656330,0.000000,5,0.000,0.000,0,0,0,0
219005087,0.000000,4,0.000,0.000,0,0,0,0
211158470,0.000000,8,0.000,0.000,0,0,0,0
219005411,0.000000,2,0.000,0.000,0,0,0,0
219032396,0.000000,2,0.000,0.000,0,0,0,0
219012639,0.000000,5,0.000,0.000,0,0,0,0
219022390,0.000000,3,0.000,0.000,0,0,0,0
219034326,0.000000,5,0.000,0.000,0,0,0,0
211533730,0.000000,1,0.000,0.000,0,0,0,0
992651006,0.000000,25,0.000,0.000,0,0,0,0
992651016,0.000000,18,0.000,0.000,0,0,0,0
219023719,0.000000,1,0.000,0.000,0,0,0,0
219033228,0.000000,1,0.000,0.000,0,0,0,0
211538360,0.000000,2,0.000,0.000,0,0,0,0
219027298,0.000000,5,0.000,0.000,0,0,0,0
255806462,0.000000,5,0.000,0.000,0,0,0,0
219007362,0.000000,7,0.000,0.000,0,0,0,0
258027740,0.000000,2,0.000,0.000,0,0,0,0
371830000,0.000000,3,0.000,0.000,0,0,0,0
218728000,0.000000,7,0.000,0.000,0,0,0,0
211725520,0.000000,6,0.000,0.000,0,0,0,0
219021597,0.000000,19,0.000,0.000,0,0,0,0
211396540,0.000000,4,0.000,0.000,0,0,0,0
219021870,0.000000,5,0.000,0.000,0,0,0,0
219029055,0.000000,1,0.000,0.000,0,0,0,0
219033078,0.000000,13,0.000,0.000,0,0,0,0
261000333,0.000000,3,0.000,0.000,0,0,0,0
211861380,0.000000,1,0.000,0.000,0,0,0,0
219015186,0.000000,2,0.000,0.000,0,0,0,0
219032892,0.000000,4,0.000,0.000,0,0,0,0
265610870,0.000000,14,0.000,0.000,0,0,0,0
211806530,0.000000,4,0.000,0.000,0,0,0,0
211684590,0.000000,4,0.000,0.000,0,0,0,0
219000158,0.000000,1,0.000,0.000,0,0,0,0
219000933,0.000000,4,0.000,0.000,0,0,0,0
211375020,0.000000,2,0.000,0.000,0,0,0,0
220476000,0.000000,5,0.000,0.000,0,0,0,0
211650460,0.000000,1,0.000,0.000,0,0,0,0
244120000,0.000000,5,0.000,0.000,0,0,0,0
218038140,0.000000,4,0.000,0.000,0,0,0,0
245325000,0.000000,4,0.000,0.000,0,0,0,0
219021060,0.000000,5,0.000,0.000,0,0,0,0
218057000,0.000000,4,0.000,0.000,0,0,0,0
211409660,0.000000,2,0.000,0.000,0,0,0,0
992111806,0.000000,6,0.000,0.000,0,0,0,0
219017202,0.000000,4,0.000,0.000,0,0,0,0
219024832,0.000000,3,0.000,0.000,0,0,0,0
218022770,0.000000,1,0.000,0.000,0,0,0,0
219020372,0.000000,5,0.000,0.000,0,0,0,0
211595280,0.000000,2,0.000,0.000,0,0,0,0
211881570,0.000000,2,0.000,0.000,0,0,0,0
219486362,0.000000,3,0.000,0.000,0,0,0,0
219001317,0.000000,2,0.000,0.000,0,0,0,0
219007925,0.000000,4,0.000,0.000,0,0,0,0
218009520,0.000000,3,0.000,0.000,0,0,0,0
219000988,0.000000,5,0.000,0.000,0,0,0,0
211676580,0.000000,3,0.000,0.000,0,0,0,0
211488250,0.000000,6,0.000,0.000,0,0,0,0
266263000,0.000000,1,0.000,0.000,0,0,0,0
219035182,0.000000,1,0.000,0.000,0,0,0,0
219012351,0.000000,2,0.000,0.000,0,0,0,0
211202730,0.000000,2,0.000,0.000,0,0,0,0
219015127,0.000000,5,0.000,0.000,0,0,0,0
211211520,0.000000,8,0.000,0.000,0,0,0,0
219000435,0.000000,8,0.000,0.000,0,0,0,0
304028000,0.000000,2,0.000,0.000,0,0,0,0
219026155,0.000000,1,0.000,0.000,0,0,0,0
265721240,0.000000,1,0.000,0.000,0,0,0,0
219020150,0.000000,2,0.000,0.000,0,0,0,0
219031347,0.000000,1,0.000,0.000,0,0,0,0
211205920,0.000000,4,0.000,0.000,0,0,0,0
219033839,0.000000,3,0.000,0.000,0,0,0,0
219034877,0.000000,1,0.000,0.000,0,0,0,0
211121410,0.000000,3,0.000,0.000,0,0,0,0
219031289,0.000000,5,0.000,0.000,0,0,0,0
244678000,0.000000,11,0.000,0.000,0,0,0,0
219002176,0.000000,6,0.000,0.000,0,0,0,0
218046200,0.000000,3,0.000,0.000,0,0,0,0
211305130,0.000000,2,0.000,0.000,0,0,0,0
241879000,0.000000,6,0.000,0.000,0,0,0,0
219001569,0.000000,2,0.000,0.000,0,0,0,0
211304460,0.000000,7,0.000,0.000,0,0,0,0
219006177,0.000000,3,0.000,0.000,0,0,0,0
219001185,0.000000,5,0.000,0.000,0,0,0,0
265570540,0.000000,1,0.000,0.000,0,0,0,0
219016719,0.000000,6,0.000,0.000,0,0,0,0
211212720,0.000000,1,0.000,0.000,0,0,0,0
219022157,0.000000,3,0.000,0.000,0,0,0,0
219012788,0.000000,7,0.000,0.000,0,0,0,0
219010835,0.000000,4,0.000,0.000,0,0,0,0
218000630,0.000000,10,0.000,0.000,0,0,0,0
219003541,0.000000,2,0.000,0.000,0,0,0,0
219028129,0.000000,1,0.000,0.000,0,0,0,0
219000632,0.000000,4,0.000,0.000,0,0,0,0
219033620,0.000000,7,0.000,0.000,0,0,0,0
219015822,0.000000,5,0.000,0.000,0,0,0,0
219032996,0.000000,2,0.000,0.000,0,0,0,0
257655890,0.000000,7,0.000,0.000,0,0,0,0
211175280,0.000000,7,0.000,0.000,0,0,0,0
211785340,0.000000,1,0.000,0.000,0,0,0,0
219032394,0.000000,3,0.000,0.000,0,0,0,0
265527020,0.000000,6,0.000,0.000,0,0,0,0
219028307,0.000000,4,0.000,0.000,0,0,0,0
218039750,0.000000,2,0.000,0.000,0,0,0,0
211292370,0.000000,5,0.000,0.000,0,0,0,0
219020244,0.000000,2,0.000,0.000,0,0,0,0
220435000,0.000000,10,0.000,0.000,0,0,0,0
219034190,0.000000,3,0.000,0.000,0,0,0,0
211215180,0.000000,1,0.000,0.000,0,0,0,0
255915748,0.000000,11,0.000,0.000,0,0,0,0
211463200,0.000000,5,0.000,0.000,0,0,0,0
219002731,0.000000,6,0.000,0.000,0,0,0,0
219003249,0.000000,5,0.000,0.000,0,0,0,0
219017438,0.000000,5,0.000,0.000,0,0,0,0
265627590,0.000000,1,0.000,0.000,0,0,0,0
219027645,0.000000,1,0.000,0.000,0,0,0,0
244810730,0.000000,2,0.000,0.000,0,0,0,0
257809540,0.000000,4,0.000,0.000,0,0,0,0
211146780,0.000000,5,0.000,0.000,0,0,0,0
219028097,0.000000,2,0.000,0.000,0,0,0,0
219021654,0.000000,1,0.000,0.000,0,0,0,0
992576504,0.000000,6,0.000,0.000,0,0,0,0
219000692,0.000000,3,0.000,0.000,0,0,0,0
219523000,0.000000,4,0.000,0.000,0,0,0,0
677064088,0.000000,2,0.000,0.000,0,0,0,0
244580000,0.000000,1,0.000,0.000,0,0,0,0
219032974,0.000000,1,0.000,0.000,0,0,0,0
265001100,0.000000,2,0.000,0.000,0,0,0,0
265788680,0.000000,4,0.000,0.000,0,0,0,0
211806020,0.000000,5,0.000,0.000,0,0,0,0
219014135,0.000000,2,0.000,0.000,0,0,0,0
219029648,0.000000,2,0.000,0.000,0,0,0,0
220073000,0.000000,2,0.000,0.000,0,0,0,0
219013106,0.000000,4,0.000,0.000,0,0,0,0
219001083,0.000000,6,0.000,0.000,0,0,0,0
244645000,0.000000,5,0.000,0.000,0,0,0,0
211557920,0.000000,2,0.000,0.000,0,0,0,0
211712420,0.000000,2,0.000,0.000,0,0,0,0
219000175,0.000000,4,0.000,0.000,0,0,0,0
220001000,0.000000,1,0.000,0.000,0,0,0,0
219009799,0.000000,6,0.000,0.000,0,0,0,0
219028268,0.000000,6,0.000,0.000,0,0,0,0
211722530,0.000000,5,0.000,0.000,0,0,0,0
265751410,0.000000,2,0.000,0.000,0,0,0,0
538010662,0.000000,8,0.000,0.000,0,0,0,0
219014818,0.000000,4,0.000,0.000,0,0,0,0
211594520,0.000000,2,0.000,0.000,0,0,0,0
219027936,0.000000,1,0.000,0.000,0,0,0,0
309701000,0.000000,3,0.000,0.000,0,0,0,0
219018071,0.000000,3,0.000,0.000,0,0,0,0
219012314,0.000000,4,0.000,0.000,0,0,0,0
244710293,0.000000,8,0.000,0.000,0,0,0,0
219026175,0.000000,2,0.000,0.000,0,0,0,0
219026232,0.000000,4,0.000,0.000,0,0,0,0
219029785,0.000000,3,0.000,0.000,0,0,0,0
219000182,0.000000,2,0.000,0.000,0,0,0,0
219032649,0.000000,3,0.000,0.000,0,0,0,0
211851450,0.000000,2,0.000,0.000,0,0,0,0
636022047,0.000000,6,0.000,0.000,0,0,0,0
244178000,0.000000,4,0.000,0.000,0,0,0,0
219007314,0.000000,3,0.000,0.000,0,0,0,0
219024761,0.000000,3,0.000,0.000,0,0,0,0
219012277,0.000000,3,0.000,0.000,0,0,0,0
219033708,0.000000,3,0.000,0.000,0,0,0,0
219031855,0.000000,4,0.000,0.000,0,0,0,0
219029637,0.000000,2,0.000,0.000,0,0,0,0
219024915,0.000000,6,0.000,0.000,0,0,0,0
219026522,0.000000,3,0.000,0.000,0,0,0,0
265062110,0.000000,4,0.000,0.000,0,0,0,0
265712730,0.000000,3,0.000,0.000,0,0,0,0
219024037,0.000000,5,0.000,0.000,0,0,0,0
211222960,0.000000,3,0.000,0.000,0,0,0,0
211215370,0.000000,4,0.000,0.000,0,0,0,0
219015914,0.000000,2,0.000,0.000,0,0,0,0
219034473,0.000000,6,0.000,0.000,0,0,0,0
219001909,0.000000,3,0.000,0.000,0,0,0,0
265076070,0.000000,10,0.000,0.000,0,0,0,0
209325000,0.000000,10,0.000,0.000,0,0,0,0
219024710,0.000000,2,0.000,0.000,0,0,0,0
219023384,0.000000,2,0.000,0.000,0,0,0,0
219028881,0.000000,1,0.000,0.000,0,0,0,0
265674500,0.000000,5,0.000,0.000,0,0,0,0
255806433,0.000000,12,0.000,0.000,0,0,0,0
219024350,0.000000,2,0.000,0.000,0,0,0,0
219034992,0.000000,1,0.000,0.000,0,0,0,0
232050936,0.000000,6,0.000,0.000,0,0,0,0
275530000,0.000000,3,0.000,0.000,0,0,0,0
219033235,0.000000,2,0.000,0.000,0,0,0,0
219028008,0.000000,4,0.000,0.000,0,0,0,0
219024604,0.000000,3,0.000,0.000,0,0,0,0
219017949,0.000000,8,0.000,0.000,0,0,0,0
211100000,0.000000,3,0.000,0.000,0,0,0,0
219026304,0.000000,4,0.000,0.000,0,0,0,0
211156470,0.000000,3,0.000,0.000,0,0,0,0
255915634,0.000000,3,0.000,0.000,0,0,0,0
992111020,0.000000,1,0.000,0.000,0,0,0,0
219003222,0.000000,4,0.000,0.000,0,0,0,0
219028354,0.000000,4,0.000,0.000,0,0,0,0
219021300,0.000000,2,0.000,0.000,0,0,0,0
265744250,0.000000,2,0.000,0.000,0,0,0,0
265063990,0.000000,5,0.000,0.000,0,0,0,0
244376209,0.000000,2,0.000,0.000,0,0,0,0
219262000,0.000000,19,0.000,0.000,0,0,0,0
265514130,0.000000,1,0.000,0.000,0,0,0,0
219003562,0.000000,4,0.000,0.000,0,0,0,0
265064040,0.000000,3,0.000,0.000,0,0,0,0
235117234,0.000000,2,0.000,0.000,0,0,0,0
219001239,0.000000,4,0.000,0.000,0,0,0,0
211376470,0.000000,4,0.000,0.000,0,0,0,0
219009101,0.000000,7,0.000,0.000,0,0,0,0
265723940,0.000000,2,0.000,0.000,0,0,0,0
211537720,0.000000,2,0.000,0.000,0,0,0,0
219012459,0.000000,5,0.000,0.000,0,0,0,0
211405010,0.000000,1,0.000,0.000,0,0,0,0
219032764,0.000000,3,0.000,0.000,0,0,0,0
538010533,0.000000,4,0.000,0.000,0,0,0,0
209938000,0.000000,6,0.000,0.000,0,0,0,0
305094000,0.000000,8,0.000,0.000,0,0,0,0
219010921,0.000000,2,0.000,0.000,0,0,0,0
211635150,0.000000,6,0.000,0.000,0,0,0,0
219005979,0.000000,5,0.000,0.000,0,0,0,0
210052000,0.000000,4,0.000,0.000,0,0,0,0
211609560,0.000000,3,0.000,0.000,0,0,0,0
219007572,0.000000,3,0.000,0.000,0,0,0,0
211514540,0.000000,3,0.000,0.000,0,0,0,0
246606000,0.000000,4,0.000,0.000,0,0,0,0
265952000,0.000000,9,0.000,0.000,0,0,0,0
219029420,0.000000,3,0.000,0.000,0,0,0,0
211127690,0.000000,9,0.000,0.000,0,0,0,0
265829850,0.000000,3,0.000,0.000,0,0,0,0
351571000,0.000000,3,0.000,0.000,0,0,0,0
218023450,0.000000,4,0.000,0.000,0,0,0,0
219024550,0.000000,6,0.000,0.000,0,0,0,0
205553000,0.000000,5,0.000,0.000,0,0,0,0
375378000,0.000000,5,0.000,0.000,0,0,0,0
211324790,0.000000,1,0.000,0.000,0,0,0,0
219034353,0.000000,3,0.000,0.000,0,0,0,0
219003243,0.000000,7,0.000,0.000,0,0,0,0
211669230,0.000000,2,0.000,0.000,0,0,0,0
219004307,0.000000,4,0.000,0.000,0,0,0,0
265013950,0.000000,5,0.000,0.000,0,0,0,0
219000225,0.000000,5,0.000,0.000,0,0,0,0
219011348,0.000000,4,0.000,0.000,0,0,0,0
219765000,0.000000,3,0.000,0.000,0,0,0,0
219027036,0.000000,3,0.000,0.000,0,0,0,0
211130870,0.000000,2,0.000,0.000,0,0,0,0
219000192,0.000000,3,0.000,0.000,0,0,0,0
265780740,0.000000,1,0.000,0.000,0,0,0,0
211311450,0.000000,12,0.000,0.000,0,0,0,0
219029696,0.000000,4,0.000,0.000,0,0,0,0
211551940,0.000000,2,0.000,0.000,0,0,0,0
219021258,0.000000,5,0.000,0.000,0,0,0,0
219008927,0.000000,2,0.000,0.000,0,0,0,0
265799610,0.000000,3,0.000,0.000,0,0,0,0
255915582,0.000000,7,0.000,0.000,0,0,0,0
219003121,0.000000,6,0.000,0.000,0,0,0,0
219005787,0.000000,3,0.000,0.000,0,0,0,0
265069550,0.000000,1,0.000,0.000,0,0,0,0
211225830,0.000000,2,0.000,0.000,0,0,0,0
219006026,0.000000,7,0.000,0.000,0,0,0,0
211701570,0.000000,6,0.000,0.000,0,0,0,0
219024883,0.000000,17,0.000,0.000,0,0,0,0
244063000,0.000000,9,0.000,0.000,0,0,0,0
219016557,0.000000,3,0.000,0.000,0,0,0,0
219025017,0.000000,1,0.000,0.000,0,0,0,0
211695010,0.000000,1,0.000,0.000,0,0,0,0
304274000,0.000000,5,0.000,0.000,0,0,0,0
218030480,0.000000,1,0.000,0.000,0,0,0,0
992651011,0.000000,4,0.000,0.000,0,0,0,0
235076781,0.000000,6,0.000,0.000,0,0,0,0
230115640,0.000000,5,0.000,0.000,0,0,0,0
211242060,0.000000,2,0.000,0.000,0,0,0,0
211248530,0.000000,4,0.000,0.000,0,0,0,0
244020319,0.000000,17,0.000,0.000,0,0,0,0
219031077,0.000000,5,0.000,0.000,0,0,0,0
219010247,0.000000,2,0.000,0.000,0,0,0,0
219025891,0.000000,2,0.000,0.000,0,0,0,0
219034018,0.000000,3,0.000,0.000,0,0,0,0
211673770,0.000000,6,0.000,0.000,0,0,0,0
211204930,0.000000,1,0.000,0.000,0,0,0,0
219002998,0.000000,1,0.000,0.000,0,0,0,0
219032748,0.000000,3,0.000,0.000,0,0,0,0
211681430,0.000000,4,0.000,0.000,0,0,0,0
211715730,0.000000,4,0.000,0.000,0,0,0,0
219159000,0.000000,9,0.000,0.000,0,0,0,0
211651920,0.000000,2,0.000,0.000,0,0,0,0
219034912,0.000000,7,0.000,0.000,0,0,0,0
265678320,0.000000,2,0.000,0.000,0,0,0,0
232050960,0.000000,6,0.000,0.000,0,0,0,0
218061280,0.000000,1,0.000,0.000,0,0,0,0
257109060,0.000000,3,0.000,0.000,0,0,0,0
219031730,0.000000,11,0.000,0.000,0,0,0,0
244830667,0.000000,3,0.000,0.000,0,0,0,0
219032297,0.000000,1,0.000,0.000,0,0,0,0
219034151,0.000000,6,0.000,0.000,0,0,0,0
992111768,0.000000,2,0.000,0.000,0,0,0,0
219024937,0.000000,7,0.000,0.000,0,0,0,0
212584000,0.000000,10,0.000,0.000,0,0,0,0
230714000,0.000000,2,0.000,0.000,0,0,0,0
219021596,0.000000,2,0.000,0.000,0,0,0,0
211716120,0.000000,6,0.000,0.000,0,0,0,0
248891000,0.000000,1,0.000,0.000,0,0,0,0
219034252,0.000000,4,0.000,0.000,0,0,0,0
219014753,0.000000,2,0.000,0.000,0,0,0,0
244952000,0.000000,5,0.000,0.000,0,0,0,0
219000771,0.000000,2,0.000,0.000,0,0,0,0
211725280,0.000000,3,0.000,0.000,0,0,0,0
265756000,0.000000,6,0.000,0.000,0,0,0,0
219000892,0.000000,4,0.000,0.000,0,0,0,0
219023376,0.000000,7,0.000,0.000,0,0,0,0
211129560,0.000000,4,0.000,0.000,0,0,0,0
219032300,0.000000,4,0.000,0.000,0,0,0,0
219031520,0.000000,6,0.000,0.000,0,0,0,0
211230060,0.000000,2,0.000,0.000,0,0,0,0
219010801,0.000000,2,0.000,0.000,0,0,0,0
219024144,0.000000,3,0.000,0.000,0,0,0,0
219003959,0.000000,5,0.000,0.000,0,0,0,0
211290730,0.000000,1,0.000,0.000,0,0,0,0
211418020,0.000000,7,0.000,0.000,0,0,0,0
259251000,0.000000,4,0.000,0.000,0,0,0,0
219018401,0.000000,4,0.000,0.000,0,0,0,0
219014523,0.000000,1,0.000,0.000,0,0,0,0
219944000,0.000000,3,0.000,0.000,0,0,0,0
265780050,0.000000,2,0.000,0.000,0,0,0,0
219019069,0.000000,1,0.000,0.000,0,0,0,0
218176000,0.000000,1,0.000,0.000,0,0,0,0
220474000,0.000000,10,0.000,0.000,0,0,0,0
218143000,0.000000,6,0.000,0.000,0,0,0,0
257755600,0.000000,3,0.000,0.000,0,0,0,0
219000549,0.000000,3,0.000,0.000,0,0,0,0
219034015,0.000000,5,0.000,0.000,0,0,0,0
219010979,0.000000,7,0.000,0.000,0,0,0,0
211744960,0.000000,1,0.000,0.000,0,0,0,0
219025421,0.000000,6,0.000,0.000,0,0,0,0
219027906,0.000000,8,0.000,0.000,0,0,0,0
219029112,0.000000,1,0.000,0.000,0,0,0,0
219009871,0.000000,4,0.000,0.000,0,0,0,0
265041680,0.000000,5,0.000,0.000,0,0,0,0
265781150,0.000000,4,0.000,0.000,0,0,0,0
219014224,0.000000,2,0.000,0.000,0,0,0,0
211227990,0.000000,6,0.000,0.000,0,0,0,0
211887150,0.000000,1,0.000,0.000,0,0,0,0
219033077,0.000000,6,0.000,0.000,0,0,0,0
265563720,0.000000,3,0.000,0.000,0,0,0,0
219031856,0.000000,5,0.000,0.000,0,0,0,0
305983000,0.000000,2,0.000,0.000,0,0,0,0
218342000,0.000000,3,0.000,0.000,0,0,0,0
209982000,0.000000,8,0.000,0.000,0,0,0,0
219000551,0.000000,6,0.000,0.000,0,0,0,0
246818000,0.000000,2,0.000,0.000,0,0,0,0
211264530,0.000000,2,0.000,0.000,0,0,0,0
219018042,0.000000,2,0.000,0.000,0,0,0,0
211212770,0.000000,3,0.000,0.000,0,0,0,0
219016665,0.000000,7,0.000,0.000,0,0,0,0
220614000,0.000000,4,0.000,0.000,0,0,0,0
211878750,0.000000,1,0.000,0.000,0,0,0,0
211847430,0.000000,13,0.000,0.000,0,0,0,0
246064000,0.000000,4,0.000,0.000,0,0,0,0
211365310,0.000000,7,0.000,0.000,0,0,0,0
219014399,0.000000,2,0.000,0.000,0,0,0,0
211611090,0.000000,2,0.000,0.000,0,0,0,0
219014938,0.000000,1,0.000,0.000,0,0,0,0
220490000,0.000000,4,0.000,0.000,0,0,0,0
219030324,0.000000,1,0.000,0.000,0,0,0,0
219033370,0.000000,4,0.000,0.000,0,0,0,0
211566690,0.000000,2,0.000,0.000,0,0,0,0
265021240,0.000000,5,0.000,0.000,0,0,0,0
220431000,0.000000,10,0.000,0.000,0,0,0,0
219015915,0.000000,4,0.000,0.000,0,0,0,0
219000178,0.000000,6,0.000,0.000,0,0,0,0
218028690,0.000000,2,0.000,0.000,0,0,0,0
219033277,0.000000,2,0.000,0.000,0,0,0,0
211444540,0.000000,4,0.000,0.000,0,0,0,0
219017325,0.000000,3,0.000,0.000,0,0,0,0
211897780,0.000000,11,0.000,0.000,0,0,0,0
305665000,0.000000,2,0.000,0.000,0,0,0,0
219001211,0.000000,3,0.000,0.000,0,0,0,0
220272000,0.000000,6,0.000,0.000,0,0,0,0
211411740,0.000000,4,0.000,0.000,0,0,0,0
219022362,0.000000,2,0.000,0.000,0,0,0,0
255915965,0.000000,14,0.000,0.000,0,0,0,0
219030717,0.000000,4,0.000,0.000,0,0,0,0
229218000,0.000000,6,0.000,0.000,0,0,0,0
219020984,0.000000,5,0.000,0.000,0,0,0,0
265665550,0.000000,6,0.000,0.000,0,0,0,0
211818840,0.000000,5,0.000,0.000,0,0,0,0
265547250,0.000000,1,0.000,0.000,0,0,0,0
211224320,0.000000,2,0.000,0.000,0,0,0,0
219017539,0.000000,4,0.000,0.000,0,0,0,0
219032699,0.000000,3,0.000,0.000,0,0,0,0
219032484,0.000000,1,0.000,0.000,0,0,0,0
211287940,0.000000,3,0.000,0.000,0,0,0,0
219028501,0.000000,1,0.000,0.000,0,0,0,0
219011274,0.000000,3,0.000,0.000,0,0,0,0
211185960,0.000000,1,0.000,0.000,0,0,0,0
219018625,0.000000,4,0.000,0.000,0,0,0,0
211117440,0.000000,4,0.000,0.000,0,0,0,0
219031853,0.000000,1,0.000,0.000,0,0,0,0
211158340,0.000000,8,0.000,0.000,0,0,0,0
219570000,0.000000,5,0.000,0.000,0,0,0,0
219026358,0.000000,2,0.000,0.000,0,0,0,0
219024259,0.000000,3,0.000,0.000,0,0,0,0
219031846,0.000000,3,0.000,0.000,0,0,0,0
219034742,0.000000,4,0.000,0.000,0,0,0,0
211232730,0.000000,5,0.000,0.000,0,0,0,0
219031827,0.000000,2,0.000,0.000,0,0,0,0
265525900,0.000000,2,0.000,0.000,0,0,0,0
219029714,0.000000,1,0.000,0.000,0,0,0,0
265768840,0.000000,3,0.000,0.000,0,0,0,0
265698740,0.000000,3,0.000,0.000,0,0,0,0
219004137,0.000000,2,0.000,0.000,0,0,0,0
636018620,0.000000,3,0.000,0.000,0,0,0,0
211673560,0.000000,3,0.000,0.000,0,0,0,0
219009864,0.000000,6,0.000,0.000,0,0,0,0
257025000,0.000000,5,0.000,0.000,0,0,0,0
219029579,0.000000,6,0.000,0.000,0,0,0,0
211373510,0.000000,5,0.000,0.000,0,0,0,0
220068000,0.000000,2,0.000,0.000,0,0,0,0
265039570,0.000000,3,0.000,0.000,0,0,0,0
265621730,0.000000,3,0.000,0.000,0,0,0,0
219030294,0.000000,4,0.000,0.000,0,0,0,0
211294830,0.000000,1,0.000,0.000,0,0,0,0
219000184,0.000000,2,0.000,0.000,0,0,0,0
245057000,0.000000,6,0.000,0.000,0,0,0,0
205196000,0.000000,21,0.000,0.000,0,0,0,0
219004695,0.000000,4,0.000,0.000,0,0,0,0
219033345,0.000000,2,0.000,0.000,0,0,0,0
235112846,0.000000,5,0.000,0.000,0,0,0,0
211682790,0.000000,2,0.000,0.000,0,0,0,0
265061430,0.000000,3,0.000,0.000,0,0,0,0
219029886,0.000000,1,0.000,0.000,0,0,0,0
219020102,0.000000,2,0.000,0.000,0,0,0,0
219029466,0.000000,1,0.000,0.000,0,0,0,0
236668000,0.000000,6,0.000,0.000,0,0,0,0
219031814,0.000000,2,0.000,0.000,0,0,0,0
219019853,0.000000,2,0.000,0.000,0,0,0,0
211768430,0.000000,15,0.000,0.000,0,0,0,0
219440000,0.000000,2,0.000,0.000,0,0,0,0
211826740,0.000000,5,0.000,0.000,0,0,0,0
219000584,0.000000,12,0.000,0.000,0,0,0,0
257385000,0.000000,1,0.000,0.000,0,0,0,0
219029057,0.000000,1,0.000,0.000,0,0,0,0
265607090,0.000000,3,0.000,0.000,0,0,0,0
219022639,0.000000,2,0.000,0.000,0,0,0,0
219008783,0.000000,6,0.000,0.000,0,0,0,0
265648750,0.000000,4,0.000,0.000,0,0,0,0
211207710,0.000000,4,0.000,0.000,0,0,0,0
265074180,0.000000,2,0.000,0.000,0,0,0,0
211687420,0.000000,4,0.000,0.000,0,0,0,0
211613110,0.000000,3,0.000,0.000,0,0,0,0
219020391,0.000000,3,0.000,0.000,0,0,0,0
219030206,0.000000,3,0.000,0.000,0,0,0,0
219035305,0.000000,14,0.000,0.000,0,0,0,0
246575000,0.000000,5,0.000,0.000,0,0,0,0
219032860,0.000000,6,0.000,0.000,0,0,0,0
219023392,0.000000,1,0.000,0.000,0,0,0,0
219019936,0.000000,3,0.000,0.000,0,0,0,0
219009657,0.000000,4,0.000,0.000,0,0,0,0
574005070,0.000000,7,0.000,0.000,0,0,0,0
211129010,0.000000,4,0.000,0.000,0,0,0,0
210051000,0.000000,4,0.000,0.000,0,0,0,0
211850660,0.000000,3,0.000,0.000,0,0,0,0
219018788,0.000000,7,0.000,0.000,0,0,0,0
219000622,0.000000,7,0.000,0.000,0,0,0,0
211673700,0.000000,6,0.000,0.000,0,0,0,0
211716090,0.000000,3,0.000,0.000,0,0,0,0
219016144,0.000000,2,0.000,0.000,0,0,0,0
211736790,0.000000,1,0.000,0.000,0,0,0,0
219031752,0.000000,2,0.000,0.000,0,0,0,0
265650240,0.000000,5,0.000,0.000,0,0,0,0
219030973,0.000000,4,0.000,0.000,0,0,0,0
244438004,0.000000,5,0.000,0.000,0,0,0,0
219031661,0.000000,5,0.000,0.000,0,0,0,0
211440360,0.000000,2,0.000,0.000,0,0,0,0
219850000,0.000000,5,0.000,0.000,0,0,0,0
255806364,0.000000,4,0.000,0.000,0,0,0,0
211123040,0.000000,6,0.000,0.000,0,0,0,0
245994000,0.000000,1,0.000,0.000,0,0,0,0
538006310,0.000000,19,0.000,0.000,0,0,0,0
265806660,0.000000,1,0.000,0.000,0,0,0,0
211817390,0.000000,4,0.000,0.000,0,0,0,0
211756740,0.000000,5,0.000,0.000,0,0,0,0
265013220,0.000000,3,0.000,0.000,0,0,0,0
219014686,0.000000,2,0.000,0.000,0,0,0,0
219014942,0.000000,3,0.000,0.000,0,0,0,0
245875000,0.000000,10,0.000,0.000,0,0,0,0
211227920,0.000000,3,0.000,0.000,0,0,0,0
219017886,0.000000,1,0.000,0.000,0,0,0,0
211351850,0.000000,1,0.000,0.000,0,0,0,0
257024000,0.000000,5,0.000,0.000,0,0,0,0
219000161,0.000000,1,0.000,0.000,0,0,0,0
219027620,0.000000,1,0.000,0.000,0,0,0,0
211293040,0.000000,2,0.000,0.000,0,0,0,0
219000553,0.000000,4,0.000,0.000,0,0,0,0
211290180,0.000000,3,0.000,0.000,0,0,0,0
219011166,0.000000,7,0.000,0.000,0,0,0,0
308753000,0.000000,1,0.000,0.000,0,0,0,0
311001250,0.000000,3,0.000,0.000,0,0,0,0
219032889,0.000000,2,0.000,0.000,0,0,0,0
211641040,0.000000,5,0.000,0.000,0,0,0,0
219016416,0.000000,4,0.000,0.000,0,0,0,0
258104000,0.000000,1,0.000,0.000,0,0,0,0
219027339,0.000000,1,0.000,0.000,0,0,0,0
211121212,0.000000,1,0.000,0.000,0,0,0,0
304855000,0.000000,2,0.000,0.000,0,0,0,0
211222930,0.000000,6,0.000,0.000,0,0,0,0
219029555,0.000000,4,0.000,0.000,0,0,0,0
219006168,0.000000,9,0.000,0.000,0,0,0,0
219030096,0.000000,1,0.000,0.000,0,0,0,0
219023961,0.000000,1,0.000,0.000,0,0,0,0
211891740,0.000000,1,0.000,0.000,0,0,0,0
265786790,0.000000,3,0.000,0.000,0,0,0,0
219000611,0.000000,1,0.000,0.000,0,0,0,0
219023467,0.000000,4,0.000,0.000,0,0,0,0
219028878,0.000000,1,0.000,0.000,0,0,0,0
219006391,0.000000,2,0.000,0.000,0,0,0,0
261187330,0.000000,3,0.000,0.000,0,0,0,0
245164000,0.000000,1,0.000,0.000,0,0,0,0
219022840,0.000000,3,0.000,0.000,0,0,0,0
219018032,0.000000,2,0.000,0.000,0,0,0,0
228461700,0.000000,2,0.000,0.000,0,0,0,0
219001236,0.000000,4,0.000,0.000,0,0,0,0
219028808,0.000000,1,0.000,0.000,0,0,0,0
211858960,0.000000,3,0.000,0.000,0,0,0,0
219004371,0.000000,3,0.000,0.000,0,0,0,0
211345510,0.000000,2,0.000,0.000,0,0,0,0
211849040,0.000000,1,0.000,0.000,0,0,0,0
219031373,0.000000,3,0.000,0.000,0,0,0,0
211114470,0.000000,1,0.000,0.000,0,0,0,0
265404000,0.000000,2,0.000,0.000,0,0,0,0
219007608,0.000000,1,0.000,0.000,0,0,0,0
219007538,0.000000,2,0.000,0.000,0,0,0,0
211613730,0.000000,1,0.000,0.000,0,0,0,0
664296000,0.000000,2,0.000,0.000,0,0,0,0
265509710,0.000000,1,0.000,0.000,0,0,0,0
211447960,0.000000,1,0.000,0.000,0,0,0,0
265592200,0.000000,1,0.000,0.000,0,0,0,0
265826420,0.000000,1,0.000,0.000,0,0,0,0
265036400,0.000000,4,0.000,0.000,0,0,0,0
215610000,0.000000,5,0.000,0.000,0,0,0,0
209392000,0.000000,4,0.000,0.000,0,0,0,0
211275030,0.000000,5,0.000,0.000,0,0,0,0
219015013,0.000000,1,0.000,0.000,0,0,0,0
259194000,0.000000,2,0.000,0.000,0,0,0,0
219000507,0.000000,1,0.000,0.000,0,0,0,0
219525000,0.000000,2,0.000,0.000,0,0,0,0
219004634,0.000000,3,0.000,0.000,0,0,0,0
219006564,0.000000,2,0.000,0.000,0,0,0,0
218034640,0.000000,3,0.000,0.000,0,0,0,0
211565250,0.000000,13,0.000,0.000,0,0,0,0
211119390,0.000000,4,0.000,0.000,0,0,0,0
205775000,0.000000,1,0.000,0.000,0,0,0,0
219004937,0.000000,1,0.000,0.000,0,0,0,0
209762000,0.000000,1,0.000,0.000,0,0,0,0
211564850,0.000000,3,0.000,0.000,0,0,0,0
211436320,0.000000,2,0.000,0.000,0,0,0,0
219027926,0.000000,4,0.000,0.000,0,0,0,0
241646000,0.000000,1,0.000,0.000,0,0,0,0
219034156,0.000000,3,0.000,0.000,0,0,0,0
219023692,0.000000,2,0.000,0.000,0,0,0,0
219004668,0.000000,2,0.000,0.000,0,0,0,0
219034421,0.000000,1,0.000,0.000,0,0,0,0
219001619,0.000000,1,0.000,0.000,0,0,0,0
219032173,0.000000,2,0.000,0.000,0,0,0,0
219031884,0.000000,1,0.000,0.000,0,0,0,0
219010246,0.000000,2,0.000,0.000,0,0,0,0
219017896,0.000000,1,0.000,0.000,0,0,0,0
219018343,0.000000,3,0.000,0.000,0,0,0,0
219022428,0.000000,1,0.000,0.000,0,0,0,0
211333630,0.000000,2,0.000,0.000,0,0,0,0
244724869,0.000000,3,0.000,0.000,0,0,0,0
219018307,0.000000,1,0.000,0.000,0,0,0,0
992651041,0.000000,1,0.000,0.000,0,0,0,0
992111704,0.000000,2,0.000,0.000,0,0,0,0
309937000,0.000000,1,0.000,0.000,0,0,0,0
992111930,0.000000,1,0.000,0.000,0,0,0,0
211800620,0.000000,6,0.000,0.000,0,0,0,0
211152230,0.000000,1,0.000,0.000,0,0,0,0
211419120,0.000000,2,0.000,0.000,0,0,0,0
992191539,0.000000,1,0.000,0.000,0,0,0,0
265793620,0.000000,1,0.000,0.000,0,0,0,0
992191538,0.000000,2,0.000,0.000,0,0,0,0
992111888,0.000000,1,0.000,0.000,0,0,0,0
992111821,0.000000,1,0.000,0.000,0,0,0,0
219004907,0.000000,4,0.000,0.000,0,0,0,0
211258790,0.000000,2,0.000,0.000,0,0,0,0
992111928,0.000000,3,0.000,0.000,0,0,0,0
992111935,0.000000,1,0.000,0.000,0,0,0,0
219035035,0.000000,3,0.000,0.000,0,0,0,0
992111937,0.000000,1,0.000,0.000,0,0,0,0
219007975,0.000000,1,0.000,0.000,0,0,0,0
992111702,0.000000,1,0.000,0.000,0,0,0,0
219011084,0.000000,1,0.000,0.000,0,0,0,0
211244390,0.000000,1,0.000,0.000,0,0,0,0
311000934,0.000000,8,0.000,0.000,0,0,0,0
219449000,0.000000,2,0.000,0.000,0,0,0,0
992111707,0.000000,1,0.000,0.000,0,0,0,0
265045380,0.000000,1,0.000,0.000,0,0,0,0
265558140,0.000000,2,0.000,0.000,0,0,0,0
219028267,0.000000,4,0.000,0.000,0,0,0,0
244060372,0.000000,2,0.000,0.000,0,0,0,0
211508570,0.000000,5,0.000,0.000,0,0,0,0
265807390,0.000000,1,0.000,0.000,0,0,0,0
219011179,0.000000,2,0.000,0.000,0,0,0,0
210090000,0.000000,1,0.000,0.000,0,0,0,0
211708320,0.000000,2,0.000,0.000,0,0,0,0
211211480,0.000000,2,0.000,0.000,0,0,0,0
219017273,0.000000,1,0.000,0.000,0,0,0,0
211833370,0.000000,3,0.000,0.000,0,0,0,0
255916179,0.000000,1,0.000,0.000,0,0,0,0
211644120,0.000000,1,0.000,0.000,0,0,0,0
219531000,0.000000,2,0.000,0.000,0,0,0,0
992111808,0.000000,7,0.000,0.000,0,0,0,0
265798050,0.000000,3,0.000,0.000,0,0,0,0
211452950,0.000000,1,0.000,0.000,0,0,0,0
219501000,0.000000,2,0.000,0.000,0,0,0,0
219032555,0.000000,3,0.000,0.000,0,0,0,0
265038560,0.000000,1,0.000,0.000,0,0,0,0
266468000,0.000000,1,0.000,0.000,0,0,0,0
211747930,0.000000,1,0.000,0.000,0,0,0,0
219021580,0.000000,1,0.000,0.000,0,0,0,0
211209510,0.000000,1,0.000,0.000,0,0,0,0
265611700,0.000000,1,0.000,0.000,0,0,0,0
211143890,0.000000,1,0.000,0.000,0,0,0,0
219025127,0.000000,1,0.000,0.000,0,0,0,0
636019292,0.000000,4,0.000,0.000,0,0,0,0
211892400,0.000000,1,0.000,0.000,0,0,0,0
211354290,0.000000,1,0.000,0.000,0,0,0,0
219021294,0.000000,2,0.000,0.000,0,0,0,0
211406130,0.000000,1,0.000,0.000,0,0,0,0
992111829,0.000000,1,0.000,0.000,0,0,0,0
266278000,0.000000,2,0.000,0.000,0,0,0,0
211218490,0.000000,3,0.000,0.000,0,0,0,0
253477000,0.000000,1,0.000,0.000,0,0,0,0
265690530,0.000000,1,0.000,0.000,0,0,0,0
219026395,0.000000,1,0.000,0.000,0,0,0,0
218061410,0.000000,2,0.000,0.000,0,0,0,0
261183730,0.000000,4,0.000,0.000,0,0,0,0
219021040,0.000000,1,0.000,0.000,0,0,0,0
992111902,0.000000,1,0.000,0.000,0,0,0,0
565487000,0.000000,1,0.000,0.000,0,0,0,0
211351860,0.000000,1,0.000,0.000,0,0,0,0
219013969,0.000000,1,0.000,0.000,0,0,0,0
338358228,0.000000,1,0.000,0.000,0,0,0,0
219027280,0.000000,2,0.000,0.000,0,0,0,0
218298000,0.000000,3,0.000,0.000,0,0,0,0
219005931,0.000000,1,0.000,0.000,0,0,0,0
992191510,0.000000,2,0.000,0.000,0,0,0,0
219019909,0.000000,2,0.000,0.000,0,0,0,0
219018093,0.000000,1,0.000,0.000,0,0,0,0
265023550,0.000000,1,0.000,0.000,0,0,0,0
205210000,0.000000,12,0.000,0.000,0,0,0,0
219018786,0.000000,3,0.000,0.000,0,0,0,0
219027755,0.000000,1,0.000,0.000,0,0,0,0
265072290,0.000000,1,0.000,0.000,0,0,0,0
211629350,0.000000,1,0.000,0.000,0,0,0,0
992191500,0.000000,2,0.000,0.000,0,0,0,0
211142170,0.000000,7,0.000,0.000,0,0,0,0
992191501,0.000000,1,0.000,0.000,0,0,0,0
219015531,0.000000,1,0.000,0.000,0,0,0,0
261039760,0.000000,2,0.000,0.000,0,0,0,0
211104800,0.000000,1,0.000,0.000,0,0,0,0
992191506,0.000000,1,0.000,0.000,0,0,0,0
372512000,0.000000,1,0.000,0.000,0,0,0,0
219025260,0.000000,2,0.000,0.000,0,0,0,0
211752580,0.000000,1,0.000,0.000,0,0,0,0
219011491,0.000000,4,0.000,0.000,0,0,0,0
211376820,0.000000,2,0.000,0.000,0,0,0,0
265509310,0.000000,1,0.000,0.000,0,0,0,0
992191507,0.000000,1,0.000,0.000,0,0,0,0
219034685,0.000000,1,0.000,0.000,0,0,0,0
992191513,0.000000,1,0.000,0.000,0,0,0,0
215000838,0.000000,3,0.000,0.000,0,0,0,0
219027506,0.000000,1,0.000,0.000,0,0,0,0
211794540,0.000000,1,0.000,0.000,0,0,0,0
219010799,0.000000,2,0.000,0.000,0,0,0,0
211739250,0.000000,1,0.000,0.000,0,0,0,0
992191504,0.000000,2,0.000,0.000,0,0,0,0
219007685,0.000000,3,0.000,0.000,0,0,0,0
219012175,0.000000,2,0.000,0.000,0,0,0,0
219030999,0.000000,1,0.000,0.000,0,0,0,0
219022343,0.000000,4,0.000,0.000,0,0,0,0
992191509,0.000000,2,0.000,0.000,0,0,0,0
210547000,0.000000,1,0.000,0.000,0,0,0,0
219031010,0.000000,1,0.000,0.000,0,0,0,0
992191527,0.000000,2,0.000,0.000,0,0,0,0
219030764,0.000000,1,0.000,0.000,0,0,0,0
211811700,0.000000,1,0.000,0.000,0,0,0,0
992111887,0.000000,1,0.000,0.000,0,0,0,0
219005216,0.000000,2,0.000,0.000,0,0,0,0
219013968,0.000000,1,0.000,0.000,0,0,0,0
219033214,0.000000,1,0.000,0.000,0,0,0,0
219031480,0.000000,4,0.000,0.000,0,0,0,0
244850281,0.000000,1,0.000,0.000,0,0,0,0
211715510,0.000000,1,0.000,0.000,0,0,0,0
211219990,0.000000,1,0.000,0.000,0,0,0,0
219007731,0.000000,1,0.000,0.000,0,0,0,0
219023811,0.000000,1,0.000,0.000,0,0,0,0
211116660,0.000000,1,0.000,0.000,0,0,0,0
219005776,0.000000,1,0.000,0.000,0,0,0,0
219012613,0.000000,1,0.000,0.000,0,0,0,0
211138490,0.000000,2,0.000,0.000,0,0,0,0
219024034,0.000000,3,0.000,0.000,0,0,0,0
219033634,0.000000,1,0.000,0.000,0,0,0,0
219012504,0.000000,1,0.000,0.000,0,0,0,0
255805973,0.000000,2,0.000,0.000,0,0,0,0
219030585,0.000000,1,0.000,0.000,0,0,0,0
265600320,0.000000,1,0.000,0.000,0,0,0,0
219020337,0.000000,1,0.000,0.000,0,0,0,0
244615503,0.000000,3,0.000,0.000,0,0,0,0
211691580,0.000000,3,0.000,0.000,0,0,0,0
219013707,0.000000,1,0.000,0.000,0,0,0,0
219032935,0.000000,1,0.000,0.000,0,0,0,0
219031805,0.000000,1,0.000,0.000,0,0,0,0
211790630,0.000000,2,0.000,0.000,0,0,0,0
218037430,0.000000,1,0.000,0.000,0,0,0,0
219448000,0.000000,6,0.000,0.000,0,0,0,0
219032946,0.000000,1,0.000,0.000,0,0,0,0
211839050,0.000000,2,0.000,0.000,0,0,0,0
740405000,0.000000,8,0.000,0.000,0,0,0,0
219002962,0.000000,1,0.000,0.000,0,0,0,0
826510421,0.000000,1,0.000,0.000,0,0,0,0
992111769,0.000000,1,0.000,0.000,0,0,0,0
211274430,0.000000,2,0.000,0.000,0,0,0,0
265020970,0.000000,1,0.000,0.000,0,0,0,0
219016216,0.000000,1,0.000,0.000,0,0,0,0
265516970,0.000000,2,0.000,0.000,0,0,0,0
219005916,0.000000,1,0.000,0.000,0,0,0,0
992611785,0.000000,1,0.000,0.000,0,0,0,0
219018733,0.000000,1,0.000,0.000,0,0,0,0
231843000,0.000000,1,0.000,0.000,0,0,0,0
219026206,0.000000,3,0.000,0.000,0,0,0,0
219007806,0.000000,1,0.000,0.000,0,0,0,0
219018261,0.000000,1,0.000,0.000,0,0,0,0
211657480,0.000000,1,0.000,0.000,0,0,0,0
219024898,0.000000,1,0.000,0.000,0,0,0,0
219018666,0.000000,1,0.000,0.000,0,0,0,0
219012183,0.000000,2,0.000,0.000,0,0,0,0
211537310,0.000000,2,0.000,0.000,0,0,0,0
244890472,0.000000,1,0.000,0.000,0,0,0,0
211460340,0.000000,1,0.000,0.000,0,0,0,0
219035413,0.000000,1,0.000,0.000,0,0,0,0
219028345,0.000000,1,0.000,0.000,0,0,0,0
244870427,0.000000,3,0.000,0.000,0,0,0,0
211330740,0.000000,4,0.000,0.000,0,0,0,0
219014519,0.000000,1,0.000,0.000,0,0,0,0
211429600,0.000000,1,0.000,0.000,0,0,0,0
219028147,0.000000,1,0.000,0.000,0,0,0,0
211601590,0.000000,1,0.000,0.000,0,0,0,0
219013359,0.000000,2,0.000,0.000,0,0,0,0
232054955,0.000000,3,0.000,0.000,0,0,0,0
275523000,0.000000,2,0.000,0.000,0,0,0,0
211598620,0.000000,4,0.000,0.000,0,0,0,0
261003244,0.000000,1,0.000,0.000,0,0,0,0
219031237,0.000000,2,0.000,0.000,0,0,0,0
211369510,0.000000,1,0.000,0.000,0,0,0,0
265712930,0.000000,1,0.000,0.000,0,0,0,0
211635380,0.000000,3,0.000,0.000,0,0,0,0
211491150,0.000000,2,0.000,0.000,0,0,0,0
265824970,0.000000,1,0.000,0.000,0,0,0,0
219010706,0.000000,1,0.000,0.000,0,0,0,0
219017204,0.000000,2,0.000,0.000,0,0,0,0
211332370,0.000000,1,0.000,0.000,0,0,0,0
211572140,0.000000,1,0.000,0.000,0,0,0,0
211784720,0.000000,1,0.000,0.000,0,0,0,0
218004040,0.000000,2,0.000,0.000,0,0,0,0
219025225,0.000000,1,0.000,0.000,0,0,0,0
219029338,0.000000,1,0.000,0.000,0,0,0,0
265547940,0.000000,1,0.000,0.000,0,0,0,0
219031898,0.000000,1,0.000,0.000,0,0,0,0
219001844,0.000000,3,0.000,0.000,0,0,0,0
265667170,0.000000,1,0.000,0.000,0,0,0,0
211445240,0.000000,1,0.000,0.000,0,0,0,0
219030113,0.000000,1,0.000,0.000,0,0,0,0
211407330,0.000000,2,0.000,0.000,0,0,0,0
268252603,0.000000,1,0.000,0.000,0,0,0,0
219014192,0.000000,1,0.000,0.000,0,0,0,0
265649310,0.000000,2,0.000,0.000,0,0,0,0
265826980,0.000000,1,0.000,0.000,0,0,0,0
211588170,0.000000,3,0.000,0.000,0,0,0,0
219015992,0.000000,1,0.000,0.000,0,0,0,0
219026994,0.000000,1,0.000,0.000,0,0,0,0
211652150,0.000000,2,0.000,0.000,0,0,0,0
219013564,0.000000,1,0.000,0.000,0,0,0,0
265809080,0.000000,1,0.000,0.000,0,0,0,0
219034229,0.000000,1,0.000,0.000,0,0,0,0
219024077,0.000000,1,0.000,0.000,0,0,0,0
211106380,0.000000,1,0.000,0.000,0,0,0,0
265604520,0.000000,1,0.000,0.000,0,0,0,0
265687610,0.000000,1,0.000,0.000,0,0,0,0
219000654,0.000000,1,0.000,0.000,0,0,0,0
219006383,0.000000,1,0.000,0.000,0,0,0,0
219003038,0.000000,1,0.000,0.000,0,0,0,0
219030768,0.000000,1,0.000,0.000,0,0,0,0
265751630,0.000000,1,0.000,0.000,0,0,0,0
211355360,0.000000,1,0.000,0.000,0,0,0,0
219000899,0.000000,5,0.000,0.000,0,0,0,0
356388000,0.000000,1,0.000,0.000,0,0,0,0
219000496,0.000000,1,0.000,0.000,0,0,0,0
219010327,0.000000,2,0.000,0.000,0,0,0,0
211129070,0.000000,1,0.000,0.000,0,0,0,0
219032482,0.000000,1,0.000,0.000,0,0,0,0
219616000,0.000000,3,0.000,0.000,0,0,0,0
219000472,0.000000,1,0.000,0.000,0,0,0,0
211180420,0.000000,1,0.000,0.000,0,0,0,0
232005533,0.000000,4,0.000,0.000,0,0,0,0
219020758,0.000000,2,0.000,0.000,0,0,0,0
265054980,0.000000,2,0.000,0.000,0,0,0,0
211149220,0.000000,1,0.000,0.000,0,0,0,0
219010764,0.000000,1,0.000,0.000,0,0,0,0
211857440,0.000000,2,0.000,0.000,0,0,0,0
277466000,0.000000,3,0.000,0.000,0,0,0,0
219030124,0.000000,2,0.000,0.000,0,0,0,0
211178260,0.000000,1,0.000,0.000,0,0,0,0
219016839,0.000000,1,0.000,0.000,0,0,0,0
218047870,0.000000,2,0.000,0.000,0,0,0,0
211611070,0.000000,1,0.000,0.000,0,0,0,0
246188000,0.000000,1,0.000,0.000,0,0,0,0
218481000,0.000000,2,0.000,0.000,0,0,0,0
211335600,0.000000,2,0.000,0.000,0,0,0,0
577333000,0.000000,1,0.000,0.000,0,0,0,0
265063000,0.000000,1,0.000,0.000,0,0,0,0
266042000,0.000000,2,0.000,0.000,0,0,0,0
636020477,0.000000,1,0.000,0.000,0,0,0,0
244059000,0.000000,1,0.000,0.000,0,0,0,0
219016835,0.000000,1,0.000,0.000,0,0,0,0
219000188,0.000000,4,0.000,0.000,0,0,0,0
219027188,0.000000,1,0.000,0.000,0,0,0,0
211529400,0.000000,2,0.000,0.000,0,0,0,0
992191536,0.000000,8,0.000,0.000,0,0,0,0
992196045,0.000000,4,0.000,0.000,0,0,0,0
992196009,0.000000,3,0.000,0.000,0,0,0,0
992196044,0.000000,8,0.000,0.000,0,0,0,0
219033843,0.000000,1,0.000,0.000,0,0,0,0
265517390,0.000000,2,0.000,0.000,0,0,0,0
992196043,0.000000,5,0.000,0.000,0,0,0,0
211227040,0.000000,1,0.000,0.000,0,0,0,0
219019574,0.000000,1,0.000,0.000,0,0,0,0
211296730,0.000000,1,0.000,0.000,0,0,0,0
211191000,0.000000,1,0.000,0.000,0,0,0,0
992196008,0.000000,1,0.000,0.000,0,0,0,0
992191537,0.000000,10,0.000,0.000,0,0,0,0
219030994,0.000000,1,0.000,0.000,0,0,0,0
218027530,0.000000,2,0.000,0.000,0,0,0,0
992196042,0.000000,1,0.000,0.000,0,0,0,0
211180590,0.000000,1,0.000,0.000,0,0,0,0
218057150,0.000000,3,0.000,0.000,0,0,0,0
219007078,0.000000,1,0.000,0.000,0,0,0,0
211512630,0.000000,1,0.000,0.000,0,0,0,0
244000769,0.000000,1,0.000,0.000,0,0,0,0
992196007,0.000000,2,0.000,0.000,0,0,0,0
219016645,0.000000,1,0.000,0.000,0,0,0,0
211349640,0.000000,1,0.000,0.000,0,0,0,0
265591210,0.000000,1,0.000,0.000,0,0,0,0
211160540,0.000000,1,0.000,0.000,0,0,0,0
211178850,0.000000,3,0.000,0.000,0,0,0,0
265549760,0.000000,1,0.000,0.000,0,0,0,0
219027328,0.000000,3,0.000,0.000,0,0,0,0
218059600,0.000000,1,0.000,0.000,0,0,0,0
219030118,0.000000,2,0.000,0.000,0,0,0,0
992196010,0.000000,3,0.000,0.000,0,0,0,0
219015425,0.000000,1,0.000,0.000,0,0,0,0
219030424,0.000000,1,0.000,0.000,0,0,0,0
211532870,0.000000,2,0.000,0.000,0,0,0,0
211491310,0.000000,2,0.000,0.000,0,0,0,0
305067000,0.000000,1,0.000,0.000,0,0,0,0
211885720,0.000000,2,0.000,0.000,0,0,0,0
211760310,0.000000,1,0.000,0.000,0,0,0,0
218049430,0.000000,1,0.000,0.000,0,0,0,0
266413000,0.000000,1,0.000,0.000,0,0,0,0
218795000,0.000000,1,0.000,0.000,0,0,0,0
235091254,0.000000,1,0.000,0.000,0,0,0,0
211269660,0.000000,2,0.000,0.000,0,0,0,0
219027566,0.000000,1,0.000,0.000,0,0,0,0
219014089,0.000000,1,0.000,0.000,0,0,0,0
219031832,0.000000,1,0.000,0.000,0,0,0,0
219006918,0.000000,2,0.000,0.000,0,0,0,0
258622000,0.000000,1,0.000,0.000,0,0,0,0
211454810,0.000000,1,0.000,0.000,0,0,0,0
211231300,0.000000,1,0.000,0.000,0,0,0,0
211463160,0.000000,1,0.000,0.000,0,0,0,0
219006722,0.000000,2,0.000,0.000,0,0,0,0
219012344,0.000000,1,0.000,0.000,0,0,0,0
211247730,0.000000,1,0.000,0.000,0,0,0,0
211891860,0.000000,3,0.000,0.000,0,0,0,0
211223310,0.000000,1,0.000,0.000,0,0,0,0
211283440,0.000000,2,0.000,0.000,0,0,0,0
211302890,0.000000,1,0.000,0.000,0,0,0,0
211584510,0.000000,2,0.000,0.000,0,0,0,0
219006008,0.000000,1,0.000,0.000,0,0,0,0
219030449,0.000000,1,0.000,0.000,0,0,0,0
261275000,0.000000,1,0.000,0.000,0,0,0,0
211871280,0.000000,2,0.000,0.000,0,0,0,0
231848000,0.000000,1,0.000,0.000,0,0,0,0
211264760,0.000000,2,0.000,0.000,0,0,0,0
219032368,0.000000,2,0.000,0.000,0,0,0,0
219021932,0.000000,1,0.000,0.000,0,0,0,0
